#
# TABLE STRUCTURE FOR: communities
#

DROP TABLE IF EXISTS `communities`;

CREATE TABLE `communities` (
  `id` int(10) unsigned NOT NULL AUTO_INCREMENT,
  `name` varchar(150) COLLATE utf8_unicode_ci NOT NULL,
  PRIMARY KEY (`id`),
  UNIQUE KEY `name` (`name`)
) ENGINE=InnoDB AUTO_INCREMENT=201 DEFAULT CHARSET=utf8 COLLATE=utf8_unicode_ci;

INSERT INTO `communities` (`id`, `name`) VALUES (189, 'a');
INSERT INTO `communities` (`id`, `name`) VALUES (117, 'ab');
INSERT INTO `communities` (`id`, `name`) VALUES (170, 'accusamus');
INSERT INTO `communities` (`id`, `name`) VALUES (143, 'amet');
INSERT INTO `communities` (`id`, `name`) VALUES (123, 'aperiam');
INSERT INTO `communities` (`id`, `name`) VALUES (199, 'architecto');
INSERT INTO `communities` (`id`, `name`) VALUES (185, 'atque');
INSERT INTO `communities` (`id`, `name`) VALUES (191, 'aut');
INSERT INTO `communities` (`id`, `name`) VALUES (129, 'autem');
INSERT INTO `communities` (`id`, `name`) VALUES (154, 'beatae');
INSERT INTO `communities` (`id`, `name`) VALUES (179, 'consectetur');
INSERT INTO `communities` (`id`, `name`) VALUES (184, 'consequatur');
INSERT INTO `communities` (`id`, `name`) VALUES (190, 'corrupti');
INSERT INTO `communities` (`id`, `name`) VALUES (102, 'debitis');
INSERT INTO `communities` (`id`, `name`) VALUES (147, 'deserunt');
INSERT INTO `communities` (`id`, `name`) VALUES (161, 'dicta');
INSERT INTO `communities` (`id`, `name`) VALUES (130, 'distinctio');
INSERT INTO `communities` (`id`, `name`) VALUES (195, 'dolorem');
INSERT INTO `communities` (`id`, `name`) VALUES (144, 'doloremque');
INSERT INTO `communities` (`id`, `name`) VALUES (113, 'dolores');
INSERT INTO `communities` (`id`, `name`) VALUES (112, 'ducimus');
INSERT INTO `communities` (`id`, `name`) VALUES (135, 'eius');
INSERT INTO `communities` (`id`, `name`) VALUES (157, 'est');
INSERT INTO `communities` (`id`, `name`) VALUES (105, 'et');
INSERT INTO `communities` (`id`, `name`) VALUES (125, 'eum');
INSERT INTO `communities` (`id`, `name`) VALUES (108, 'eveniet');
INSERT INTO `communities` (`id`, `name`) VALUES (133, 'ex');
INSERT INTO `communities` (`id`, `name`) VALUES (138, 'exercitationem');
INSERT INTO `communities` (`id`, `name`) VALUES (175, 'explicabo');
INSERT INTO `communities` (`id`, `name`) VALUES (101, 'facilis');
INSERT INTO `communities` (`id`, `name`) VALUES (142, 'harum');
INSERT INTO `communities` (`id`, `name`) VALUES (163, 'hic');
INSERT INTO `communities` (`id`, `name`) VALUES (171, 'illo');
INSERT INTO `communities` (`id`, `name`) VALUES (137, 'illum');
INSERT INTO `communities` (`id`, `name`) VALUES (132, 'impedit');
INSERT INTO `communities` (`id`, `name`) VALUES (149, 'ipsa');
INSERT INTO `communities` (`id`, `name`) VALUES (128, 'iste');
INSERT INTO `communities` (`id`, `name`) VALUES (176, 'itaque');
INSERT INTO `communities` (`id`, `name`) VALUES (106, 'iure');
INSERT INTO `communities` (`id`, `name`) VALUES (172, 'laboriosam');
INSERT INTO `communities` (`id`, `name`) VALUES (153, 'magni');
INSERT INTO `communities` (`id`, `name`) VALUES (146, 'maiores');
INSERT INTO `communities` (`id`, `name`) VALUES (150, 'maxime');
INSERT INTO `communities` (`id`, `name`) VALUES (107, 'minus');
INSERT INTO `communities` (`id`, `name`) VALUES (198, 'mollitia');
INSERT INTO `communities` (`id`, `name`) VALUES (141, 'nesciunt');
INSERT INTO `communities` (`id`, `name`) VALUES (162, 'nihil');
INSERT INTO `communities` (`id`, `name`) VALUES (140, 'non');
INSERT INTO `communities` (`id`, `name`) VALUES (104, 'numquam');
INSERT INTO `communities` (`id`, `name`) VALUES (139, 'occaecati');
INSERT INTO `communities` (`id`, `name`) VALUES (160, 'odio');
INSERT INTO `communities` (`id`, `name`) VALUES (164, 'officia');
INSERT INTO `communities` (`id`, `name`) VALUES (169, 'officiis');
INSERT INTO `communities` (`id`, `name`) VALUES (122, 'omnis');
INSERT INTO `communities` (`id`, `name`) VALUES (174, 'porro');
INSERT INTO `communities` (`id`, `name`) VALUES (151, 'possimus');
INSERT INTO `communities` (`id`, `name`) VALUES (177, 'praesentium');
INSERT INTO `communities` (`id`, `name`) VALUES (111, 'provident');
INSERT INTO `communities` (`id`, `name`) VALUES (121, 'quas');
INSERT INTO `communities` (`id`, `name`) VALUES (159, 'qui');
INSERT INTO `communities` (`id`, `name`) VALUES (186, 'quibusdam');
INSERT INTO `communities` (`id`, `name`) VALUES (115, 'quisquam');
INSERT INTO `communities` (`id`, `name`) VALUES (116, 'quo');
INSERT INTO `communities` (`id`, `name`) VALUES (110, 'reiciendis');
INSERT INTO `communities` (`id`, `name`) VALUES (145, 'repellat');
INSERT INTO `communities` (`id`, `name`) VALUES (156, 'repudiandae');
INSERT INTO `communities` (`id`, `name`) VALUES (155, 'rerum');
INSERT INTO `communities` (`id`, `name`) VALUES (118, 'sint');
INSERT INTO `communities` (`id`, `name`) VALUES (197, 'soluta');
INSERT INTO `communities` (`id`, `name`) VALUES (134, 'sunt');
INSERT INTO `communities` (`id`, `name`) VALUES (188, 'suscipit');
INSERT INTO `communities` (`id`, `name`) VALUES (127, 'tempora');
INSERT INTO `communities` (`id`, `name`) VALUES (103, 'unde');
INSERT INTO `communities` (`id`, `name`) VALUES (119, 'ut');
INSERT INTO `communities` (`id`, `name`) VALUES (192, 'voluptas');


#
# TABLE STRUCTURE FOR: communities_users
#

DROP TABLE IF EXISTS `communities_users`;

CREATE TABLE `communities_users` (
  `community_id` int(10) unsigned NOT NULL,
  `user_id` int(10) unsigned NOT NULL,
  PRIMARY KEY (`community_id`,`user_id`)
) ENGINE=InnoDB DEFAULT CHARSET=utf8 COLLATE=utf8_unicode_ci;

INSERT INTO `communities_users` (`community_id`, `user_id`) VALUES (101, 1);
INSERT INTO `communities_users` (`community_id`, `user_id`) VALUES (101, 76);
INSERT INTO `communities_users` (`community_id`, `user_id`) VALUES (102, 2);
INSERT INTO `communities_users` (`community_id`, `user_id`) VALUES (102, 77);
INSERT INTO `communities_users` (`community_id`, `user_id`) VALUES (103, 3);
INSERT INTO `communities_users` (`community_id`, `user_id`) VALUES (103, 78);
INSERT INTO `communities_users` (`community_id`, `user_id`) VALUES (104, 4);
INSERT INTO `communities_users` (`community_id`, `user_id`) VALUES (104, 79);
INSERT INTO `communities_users` (`community_id`, `user_id`) VALUES (105, 5);
INSERT INTO `communities_users` (`community_id`, `user_id`) VALUES (105, 80);
INSERT INTO `communities_users` (`community_id`, `user_id`) VALUES (106, 6);
INSERT INTO `communities_users` (`community_id`, `user_id`) VALUES (106, 81);
INSERT INTO `communities_users` (`community_id`, `user_id`) VALUES (107, 7);
INSERT INTO `communities_users` (`community_id`, `user_id`) VALUES (107, 82);
INSERT INTO `communities_users` (`community_id`, `user_id`) VALUES (108, 8);
INSERT INTO `communities_users` (`community_id`, `user_id`) VALUES (108, 83);
INSERT INTO `communities_users` (`community_id`, `user_id`) VALUES (110, 9);
INSERT INTO `communities_users` (`community_id`, `user_id`) VALUES (110, 84);
INSERT INTO `communities_users` (`community_id`, `user_id`) VALUES (111, 10);
INSERT INTO `communities_users` (`community_id`, `user_id`) VALUES (111, 85);
INSERT INTO `communities_users` (`community_id`, `user_id`) VALUES (112, 11);
INSERT INTO `communities_users` (`community_id`, `user_id`) VALUES (112, 86);
INSERT INTO `communities_users` (`community_id`, `user_id`) VALUES (113, 12);
INSERT INTO `communities_users` (`community_id`, `user_id`) VALUES (113, 87);
INSERT INTO `communities_users` (`community_id`, `user_id`) VALUES (115, 13);
INSERT INTO `communities_users` (`community_id`, `user_id`) VALUES (115, 88);
INSERT INTO `communities_users` (`community_id`, `user_id`) VALUES (116, 14);
INSERT INTO `communities_users` (`community_id`, `user_id`) VALUES (116, 89);
INSERT INTO `communities_users` (`community_id`, `user_id`) VALUES (117, 15);
INSERT INTO `communities_users` (`community_id`, `user_id`) VALUES (117, 90);
INSERT INTO `communities_users` (`community_id`, `user_id`) VALUES (118, 16);
INSERT INTO `communities_users` (`community_id`, `user_id`) VALUES (118, 91);
INSERT INTO `communities_users` (`community_id`, `user_id`) VALUES (119, 17);
INSERT INTO `communities_users` (`community_id`, `user_id`) VALUES (119, 92);
INSERT INTO `communities_users` (`community_id`, `user_id`) VALUES (121, 18);
INSERT INTO `communities_users` (`community_id`, `user_id`) VALUES (121, 93);
INSERT INTO `communities_users` (`community_id`, `user_id`) VALUES (122, 19);
INSERT INTO `communities_users` (`community_id`, `user_id`) VALUES (122, 94);
INSERT INTO `communities_users` (`community_id`, `user_id`) VALUES (123, 20);
INSERT INTO `communities_users` (`community_id`, `user_id`) VALUES (123, 95);
INSERT INTO `communities_users` (`community_id`, `user_id`) VALUES (125, 21);
INSERT INTO `communities_users` (`community_id`, `user_id`) VALUES (125, 96);
INSERT INTO `communities_users` (`community_id`, `user_id`) VALUES (127, 22);
INSERT INTO `communities_users` (`community_id`, `user_id`) VALUES (127, 97);
INSERT INTO `communities_users` (`community_id`, `user_id`) VALUES (128, 23);
INSERT INTO `communities_users` (`community_id`, `user_id`) VALUES (128, 98);
INSERT INTO `communities_users` (`community_id`, `user_id`) VALUES (129, 24);
INSERT INTO `communities_users` (`community_id`, `user_id`) VALUES (129, 99);
INSERT INTO `communities_users` (`community_id`, `user_id`) VALUES (130, 25);
INSERT INTO `communities_users` (`community_id`, `user_id`) VALUES (130, 100);
INSERT INTO `communities_users` (`community_id`, `user_id`) VALUES (132, 26);
INSERT INTO `communities_users` (`community_id`, `user_id`) VALUES (133, 27);
INSERT INTO `communities_users` (`community_id`, `user_id`) VALUES (134, 28);
INSERT INTO `communities_users` (`community_id`, `user_id`) VALUES (135, 29);
INSERT INTO `communities_users` (`community_id`, `user_id`) VALUES (137, 30);
INSERT INTO `communities_users` (`community_id`, `user_id`) VALUES (138, 31);
INSERT INTO `communities_users` (`community_id`, `user_id`) VALUES (139, 32);
INSERT INTO `communities_users` (`community_id`, `user_id`) VALUES (140, 33);
INSERT INTO `communities_users` (`community_id`, `user_id`) VALUES (141, 34);
INSERT INTO `communities_users` (`community_id`, `user_id`) VALUES (142, 35);
INSERT INTO `communities_users` (`community_id`, `user_id`) VALUES (143, 36);
INSERT INTO `communities_users` (`community_id`, `user_id`) VALUES (144, 37);
INSERT INTO `communities_users` (`community_id`, `user_id`) VALUES (145, 38);
INSERT INTO `communities_users` (`community_id`, `user_id`) VALUES (146, 39);
INSERT INTO `communities_users` (`community_id`, `user_id`) VALUES (147, 40);
INSERT INTO `communities_users` (`community_id`, `user_id`) VALUES (149, 41);
INSERT INTO `communities_users` (`community_id`, `user_id`) VALUES (150, 42);
INSERT INTO `communities_users` (`community_id`, `user_id`) VALUES (151, 43);
INSERT INTO `communities_users` (`community_id`, `user_id`) VALUES (153, 44);
INSERT INTO `communities_users` (`community_id`, `user_id`) VALUES (154, 45);
INSERT INTO `communities_users` (`community_id`, `user_id`) VALUES (155, 46);
INSERT INTO `communities_users` (`community_id`, `user_id`) VALUES (156, 47);
INSERT INTO `communities_users` (`community_id`, `user_id`) VALUES (157, 48);
INSERT INTO `communities_users` (`community_id`, `user_id`) VALUES (159, 49);
INSERT INTO `communities_users` (`community_id`, `user_id`) VALUES (160, 50);
INSERT INTO `communities_users` (`community_id`, `user_id`) VALUES (161, 51);
INSERT INTO `communities_users` (`community_id`, `user_id`) VALUES (162, 52);
INSERT INTO `communities_users` (`community_id`, `user_id`) VALUES (163, 53);
INSERT INTO `communities_users` (`community_id`, `user_id`) VALUES (164, 54);
INSERT INTO `communities_users` (`community_id`, `user_id`) VALUES (169, 55);
INSERT INTO `communities_users` (`community_id`, `user_id`) VALUES (170, 56);
INSERT INTO `communities_users` (`community_id`, `user_id`) VALUES (171, 57);
INSERT INTO `communities_users` (`community_id`, `user_id`) VALUES (172, 58);
INSERT INTO `communities_users` (`community_id`, `user_id`) VALUES (174, 59);
INSERT INTO `communities_users` (`community_id`, `user_id`) VALUES (175, 60);
INSERT INTO `communities_users` (`community_id`, `user_id`) VALUES (176, 61);
INSERT INTO `communities_users` (`community_id`, `user_id`) VALUES (177, 62);
INSERT INTO `communities_users` (`community_id`, `user_id`) VALUES (179, 63);
INSERT INTO `communities_users` (`community_id`, `user_id`) VALUES (184, 64);
INSERT INTO `communities_users` (`community_id`, `user_id`) VALUES (185, 65);
INSERT INTO `communities_users` (`community_id`, `user_id`) VALUES (186, 66);
INSERT INTO `communities_users` (`community_id`, `user_id`) VALUES (188, 67);
INSERT INTO `communities_users` (`community_id`, `user_id`) VALUES (189, 68);
INSERT INTO `communities_users` (`community_id`, `user_id`) VALUES (190, 69);
INSERT INTO `communities_users` (`community_id`, `user_id`) VALUES (191, 70);
INSERT INTO `communities_users` (`community_id`, `user_id`) VALUES (192, 71);
INSERT INTO `communities_users` (`community_id`, `user_id`) VALUES (195, 72);
INSERT INTO `communities_users` (`community_id`, `user_id`) VALUES (197, 73);
INSERT INTO `communities_users` (`community_id`, `user_id`) VALUES (198, 74);
INSERT INTO `communities_users` (`community_id`, `user_id`) VALUES (199, 75);


#
# TABLE STRUCTURE FOR: friendship
#

DROP TABLE IF EXISTS `friendship`;

CREATE TABLE `friendship` (
  `user_id` int(10) unsigned NOT NULL,
  `friend_id` int(10) unsigned NOT NULL,
  `status_id` int(10) unsigned NOT NULL,
  `requested_at` datetime DEFAULT current_timestamp(),
  `confirmed_at` datetime DEFAULT NULL,
  PRIMARY KEY (`user_id`,`friend_id`)
) ENGINE=InnoDB DEFAULT CHARSET=utf8 COLLATE=utf8_unicode_ci;

INSERT INTO `friendship` (`user_id`, `friend_id`, `status_id`, `requested_at`, `confirmed_at`) VALUES (1, 74, 1, '2002-03-01 21:20:51', '2017-02-23 09:21:48');
INSERT INTO `friendship` (`user_id`, `friend_id`, `status_id`, `requested_at`, `confirmed_at`) VALUES (2, 41, 2, '1977-12-10 10:07:45', '1982-03-28 11:28:08');
INSERT INTO `friendship` (`user_id`, `friend_id`, `status_id`, `requested_at`, `confirmed_at`) VALUES (3, 51, 1, '1990-06-12 19:44:01', '1986-07-28 09:34:07');
INSERT INTO `friendship` (`user_id`, `friend_id`, `status_id`, `requested_at`, `confirmed_at`) VALUES (4, 6, 1, '1984-08-19 21:42:21', '1987-07-17 23:09:03');
INSERT INTO `friendship` (`user_id`, `friend_id`, `status_id`, `requested_at`, `confirmed_at`) VALUES (5, 73, 2, '1990-06-21 18:05:59', '1980-06-25 08:12:47');
INSERT INTO `friendship` (`user_id`, `friend_id`, `status_id`, `requested_at`, `confirmed_at`) VALUES (6, 19, 2, '1985-05-24 11:55:39', '1973-01-07 21:30:42');
INSERT INTO `friendship` (`user_id`, `friend_id`, `status_id`, `requested_at`, `confirmed_at`) VALUES (7, 13, 2, '2011-10-18 09:39:52', '2010-02-14 20:38:01');
INSERT INTO `friendship` (`user_id`, `friend_id`, `status_id`, `requested_at`, `confirmed_at`) VALUES (8, 81, 2, '2000-04-05 14:36:12', '1995-03-22 01:04:20');
INSERT INTO `friendship` (`user_id`, `friend_id`, `status_id`, `requested_at`, `confirmed_at`) VALUES (9, 49, 1, '2008-05-18 11:38:38', '1987-04-13 13:21:43');
INSERT INTO `friendship` (`user_id`, `friend_id`, `status_id`, `requested_at`, `confirmed_at`) VALUES (10, 57, 1, '1996-06-09 22:34:09', '2013-10-04 13:35:45');
INSERT INTO `friendship` (`user_id`, `friend_id`, `status_id`, `requested_at`, `confirmed_at`) VALUES (11, 40, 1, '1986-07-25 16:53:28', '1977-06-02 03:35:04');
INSERT INTO `friendship` (`user_id`, `friend_id`, `status_id`, `requested_at`, `confirmed_at`) VALUES (12, 69, 1, '1970-10-14 07:54:05', '1991-05-29 09:25:49');
INSERT INTO `friendship` (`user_id`, `friend_id`, `status_id`, `requested_at`, `confirmed_at`) VALUES (13, 3, 1, '2002-06-21 21:34:05', '1994-07-10 20:29:58');
INSERT INTO `friendship` (`user_id`, `friend_id`, `status_id`, `requested_at`, `confirmed_at`) VALUES (14, 32, 1, '1989-07-11 04:35:06', '2012-04-15 12:14:22');
INSERT INTO `friendship` (`user_id`, `friend_id`, `status_id`, `requested_at`, `confirmed_at`) VALUES (15, 72, 1, '1992-12-10 10:32:56', '2008-03-29 00:30:54');
INSERT INTO `friendship` (`user_id`, `friend_id`, `status_id`, `requested_at`, `confirmed_at`) VALUES (16, 2, 2, '1985-12-18 10:11:14', '1973-11-07 15:34:56');
INSERT INTO `friendship` (`user_id`, `friend_id`, `status_id`, `requested_at`, `confirmed_at`) VALUES (17, 50, 1, '2009-02-23 09:24:21', '1988-01-06 06:01:45');
INSERT INTO `friendship` (`user_id`, `friend_id`, `status_id`, `requested_at`, `confirmed_at`) VALUES (18, 8, 1, '1974-12-05 02:03:05', '1979-02-10 22:41:50');
INSERT INTO `friendship` (`user_id`, `friend_id`, `status_id`, `requested_at`, `confirmed_at`) VALUES (19, 42, 1, '1990-12-09 21:57:54', '1981-08-06 01:20:15');
INSERT INTO `friendship` (`user_id`, `friend_id`, `status_id`, `requested_at`, `confirmed_at`) VALUES (20, 65, 2, '1982-07-04 00:46:29', '2007-08-24 19:36:27');
INSERT INTO `friendship` (`user_id`, `friend_id`, `status_id`, `requested_at`, `confirmed_at`) VALUES (21, 56, 2, '1979-10-19 22:04:10', '1987-06-19 13:59:50');
INSERT INTO `friendship` (`user_id`, `friend_id`, `status_id`, `requested_at`, `confirmed_at`) VALUES (22, 37, 1, '1973-02-03 15:45:27', '2009-03-05 21:48:47');
INSERT INTO `friendship` (`user_id`, `friend_id`, `status_id`, `requested_at`, `confirmed_at`) VALUES (23, 63, 1, '2007-05-03 09:14:57', '2018-04-16 04:06:14');
INSERT INTO `friendship` (`user_id`, `friend_id`, `status_id`, `requested_at`, `confirmed_at`) VALUES (24, 93, 2, '1984-12-01 22:38:57', '1972-05-06 15:17:53');
INSERT INTO `friendship` (`user_id`, `friend_id`, `status_id`, `requested_at`, `confirmed_at`) VALUES (25, 68, 1, '1983-03-30 01:22:35', '2011-12-13 02:50:24');
INSERT INTO `friendship` (`user_id`, `friend_id`, `status_id`, `requested_at`, `confirmed_at`) VALUES (26, 61, 1, '1980-10-07 03:28:31', '1991-12-29 08:52:23');
INSERT INTO `friendship` (`user_id`, `friend_id`, `status_id`, `requested_at`, `confirmed_at`) VALUES (27, 43, 2, '1997-02-25 20:59:54', '2002-10-05 15:36:41');
INSERT INTO `friendship` (`user_id`, `friend_id`, `status_id`, `requested_at`, `confirmed_at`) VALUES (28, 23, 2, '1991-09-07 12:15:29', '1978-03-27 11:41:38');
INSERT INTO `friendship` (`user_id`, `friend_id`, `status_id`, `requested_at`, `confirmed_at`) VALUES (29, 75, 2, '2010-12-25 16:06:28', '2001-04-24 15:37:18');
INSERT INTO `friendship` (`user_id`, `friend_id`, `status_id`, `requested_at`, `confirmed_at`) VALUES (30, 18, 1, '1986-01-09 02:54:31', '1977-12-04 07:52:55');
INSERT INTO `friendship` (`user_id`, `friend_id`, `status_id`, `requested_at`, `confirmed_at`) VALUES (31, 87, 1, '1981-07-31 08:53:17', '1984-06-29 02:51:21');
INSERT INTO `friendship` (`user_id`, `friend_id`, `status_id`, `requested_at`, `confirmed_at`) VALUES (32, 26, 2, '1981-05-17 16:20:08', '2007-03-18 04:39:31');
INSERT INTO `friendship` (`user_id`, `friend_id`, `status_id`, `requested_at`, `confirmed_at`) VALUES (33, 95, 2, '1978-08-23 08:30:32', '2015-06-09 12:57:04');
INSERT INTO `friendship` (`user_id`, `friend_id`, `status_id`, `requested_at`, `confirmed_at`) VALUES (34, 84, 2, '1988-11-04 19:40:07', '2013-12-30 20:45:54');
INSERT INTO `friendship` (`user_id`, `friend_id`, `status_id`, `requested_at`, `confirmed_at`) VALUES (35, 85, 2, '1991-07-11 05:02:02', '2017-09-13 21:01:01');
INSERT INTO `friendship` (`user_id`, `friend_id`, `status_id`, `requested_at`, `confirmed_at`) VALUES (36, 58, 1, '2009-03-18 07:25:31', '2015-06-24 12:41:40');
INSERT INTO `friendship` (`user_id`, `friend_id`, `status_id`, `requested_at`, `confirmed_at`) VALUES (37, 12, 2, '1981-08-27 17:52:55', '1970-06-05 07:04:14');
INSERT INTO `friendship` (`user_id`, `friend_id`, `status_id`, `requested_at`, `confirmed_at`) VALUES (38, 100, 2, '1985-03-22 02:41:50', '1980-06-03 09:24:34');
INSERT INTO `friendship` (`user_id`, `friend_id`, `status_id`, `requested_at`, `confirmed_at`) VALUES (39, 91, 1, '2011-10-30 13:49:06', '1977-08-30 17:20:29');
INSERT INTO `friendship` (`user_id`, `friend_id`, `status_id`, `requested_at`, `confirmed_at`) VALUES (40, 45, 2, '1999-08-16 07:45:14', '2006-11-29 08:44:23');
INSERT INTO `friendship` (`user_id`, `friend_id`, `status_id`, `requested_at`, `confirmed_at`) VALUES (41, 64, 2, '1977-09-19 03:18:08', '1991-11-02 02:04:42');
INSERT INTO `friendship` (`user_id`, `friend_id`, `status_id`, `requested_at`, `confirmed_at`) VALUES (42, 1, 2, '2001-10-16 01:44:25', '1996-06-20 10:18:25');
INSERT INTO `friendship` (`user_id`, `friend_id`, `status_id`, `requested_at`, `confirmed_at`) VALUES (43, 16, 1, '1975-03-31 00:01:48', '1994-01-18 06:43:55');
INSERT INTO `friendship` (`user_id`, `friend_id`, `status_id`, `requested_at`, `confirmed_at`) VALUES (44, 38, 1, '2013-07-13 22:49:42', '2015-05-02 02:34:52');
INSERT INTO `friendship` (`user_id`, `friend_id`, `status_id`, `requested_at`, `confirmed_at`) VALUES (45, 97, 1, '1978-04-09 10:42:33', '1985-05-04 00:10:37');
INSERT INTO `friendship` (`user_id`, `friend_id`, `status_id`, `requested_at`, `confirmed_at`) VALUES (46, 79, 2, '2002-12-24 18:05:25', '1971-07-14 09:16:22');
INSERT INTO `friendship` (`user_id`, `friend_id`, `status_id`, `requested_at`, `confirmed_at`) VALUES (47, 96, 2, '1997-05-06 06:02:13', '2019-05-14 01:36:49');
INSERT INTO `friendship` (`user_id`, `friend_id`, `status_id`, `requested_at`, `confirmed_at`) VALUES (48, 31, 1, '1986-10-12 06:16:05', '2004-01-18 16:13:05');
INSERT INTO `friendship` (`user_id`, `friend_id`, `status_id`, `requested_at`, `confirmed_at`) VALUES (49, 59, 1, '1989-08-16 00:00:23', '2005-11-17 13:31:51');
INSERT INTO `friendship` (`user_id`, `friend_id`, `status_id`, `requested_at`, `confirmed_at`) VALUES (50, 90, 1, '1974-08-21 21:51:23', '1973-08-30 14:19:30');
INSERT INTO `friendship` (`user_id`, `friend_id`, `status_id`, `requested_at`, `confirmed_at`) VALUES (51, 25, 1, '1980-06-25 18:14:06', '1982-01-15 20:19:04');
INSERT INTO `friendship` (`user_id`, `friend_id`, `status_id`, `requested_at`, `confirmed_at`) VALUES (52, 35, 1, '2006-12-12 11:52:50', '1983-06-24 23:40:27');
INSERT INTO `friendship` (`user_id`, `friend_id`, `status_id`, `requested_at`, `confirmed_at`) VALUES (53, 66, 1, '1983-07-05 23:03:34', '2008-09-16 22:19:05');
INSERT INTO `friendship` (`user_id`, `friend_id`, `status_id`, `requested_at`, `confirmed_at`) VALUES (54, 10, 2, '2018-06-16 14:51:15', '2007-04-18 01:08:17');
INSERT INTO `friendship` (`user_id`, `friend_id`, `status_id`, `requested_at`, `confirmed_at`) VALUES (55, 70, 1, '1997-07-06 12:39:03', '1985-11-27 12:38:16');
INSERT INTO `friendship` (`user_id`, `friend_id`, `status_id`, `requested_at`, `confirmed_at`) VALUES (56, 27, 2, '1986-01-15 01:29:09', '1981-04-27 01:41:05');
INSERT INTO `friendship` (`user_id`, `friend_id`, `status_id`, `requested_at`, `confirmed_at`) VALUES (57, 36, 1, '1992-10-26 17:25:19', '1978-10-17 04:14:36');
INSERT INTO `friendship` (`user_id`, `friend_id`, `status_id`, `requested_at`, `confirmed_at`) VALUES (58, 24, 2, '1989-01-27 06:36:00', '2016-06-11 19:03:39');
INSERT INTO `friendship` (`user_id`, `friend_id`, `status_id`, `requested_at`, `confirmed_at`) VALUES (59, 14, 1, '1983-03-04 15:50:47', '1982-03-23 01:10:25');
INSERT INTO `friendship` (`user_id`, `friend_id`, `status_id`, `requested_at`, `confirmed_at`) VALUES (60, 7, 1, '1975-11-04 07:34:13', '2001-06-21 10:31:34');
INSERT INTO `friendship` (`user_id`, `friend_id`, `status_id`, `requested_at`, `confirmed_at`) VALUES (61, 4, 2, '1994-07-26 11:48:52', '2011-01-27 07:03:28');
INSERT INTO `friendship` (`user_id`, `friend_id`, `status_id`, `requested_at`, `confirmed_at`) VALUES (62, 52, 2, '1999-07-01 20:38:06', '1997-01-06 18:25:13');
INSERT INTO `friendship` (`user_id`, `friend_id`, `status_id`, `requested_at`, `confirmed_at`) VALUES (63, 80, 1, '1987-08-17 05:29:50', '1999-12-16 08:35:13');
INSERT INTO `friendship` (`user_id`, `friend_id`, `status_id`, `requested_at`, `confirmed_at`) VALUES (64, 89, 2, '1970-02-03 17:32:28', '2010-08-10 23:09:33');
INSERT INTO `friendship` (`user_id`, `friend_id`, `status_id`, `requested_at`, `confirmed_at`) VALUES (65, 9, 2, '1988-10-15 00:30:03', '2007-03-11 08:30:53');
INSERT INTO `friendship` (`user_id`, `friend_id`, `status_id`, `requested_at`, `confirmed_at`) VALUES (66, 76, 1, '1997-06-25 10:06:06', '2002-07-05 20:25:15');
INSERT INTO `friendship` (`user_id`, `friend_id`, `status_id`, `requested_at`, `confirmed_at`) VALUES (67, 94, 1, '2007-02-05 06:26:47', '1971-05-16 05:05:08');
INSERT INTO `friendship` (`user_id`, `friend_id`, `status_id`, `requested_at`, `confirmed_at`) VALUES (68, 28, 1, '1975-04-26 20:01:15', '1998-05-28 05:06:14');
INSERT INTO `friendship` (`user_id`, `friend_id`, `status_id`, `requested_at`, `confirmed_at`) VALUES (69, 34, 1, '1989-08-02 04:04:08', '1992-12-16 14:52:07');
INSERT INTO `friendship` (`user_id`, `friend_id`, `status_id`, `requested_at`, `confirmed_at`) VALUES (70, 98, 1, '2000-11-24 00:30:29', '1983-02-05 21:32:45');
INSERT INTO `friendship` (`user_id`, `friend_id`, `status_id`, `requested_at`, `confirmed_at`) VALUES (71, 77, 2, '2005-02-05 12:13:09', '1971-01-26 11:48:40');
INSERT INTO `friendship` (`user_id`, `friend_id`, `status_id`, `requested_at`, `confirmed_at`) VALUES (72, 55, 2, '1978-04-01 14:36:05', '1989-08-09 21:47:07');
INSERT INTO `friendship` (`user_id`, `friend_id`, `status_id`, `requested_at`, `confirmed_at`) VALUES (73, 54, 1, '1980-11-02 07:46:09', '1991-01-23 18:32:09');
INSERT INTO `friendship` (`user_id`, `friend_id`, `status_id`, `requested_at`, `confirmed_at`) VALUES (74, 20, 2, '1973-06-21 22:39:23', '1981-11-21 16:03:47');
INSERT INTO `friendship` (`user_id`, `friend_id`, `status_id`, `requested_at`, `confirmed_at`) VALUES (75, 62, 2, '2012-06-17 07:30:36', '1976-12-31 12:56:26');
INSERT INTO `friendship` (`user_id`, `friend_id`, `status_id`, `requested_at`, `confirmed_at`) VALUES (76, 33, 2, '1971-02-02 14:30:19', '1979-03-31 16:31:29');
INSERT INTO `friendship` (`user_id`, `friend_id`, `status_id`, `requested_at`, `confirmed_at`) VALUES (77, 22, 1, '2015-08-24 09:00:57', '2001-03-17 23:19:11');
INSERT INTO `friendship` (`user_id`, `friend_id`, `status_id`, `requested_at`, `confirmed_at`) VALUES (78, 47, 2, '2017-08-26 22:01:49', '1997-06-14 13:01:04');
INSERT INTO `friendship` (`user_id`, `friend_id`, `status_id`, `requested_at`, `confirmed_at`) VALUES (79, 92, 2, '2000-07-02 13:55:38', '1988-03-28 08:22:51');
INSERT INTO `friendship` (`user_id`, `friend_id`, `status_id`, `requested_at`, `confirmed_at`) VALUES (80, 48, 2, '1995-01-28 04:39:24', '1988-06-14 11:51:03');
INSERT INTO `friendship` (`user_id`, `friend_id`, `status_id`, `requested_at`, `confirmed_at`) VALUES (81, 30, 2, '2010-08-11 10:05:59', '1981-09-25 06:42:06');
INSERT INTO `friendship` (`user_id`, `friend_id`, `status_id`, `requested_at`, `confirmed_at`) VALUES (82, 78, 2, '1983-06-07 02:13:24', '1982-02-15 14:41:49');
INSERT INTO `friendship` (`user_id`, `friend_id`, `status_id`, `requested_at`, `confirmed_at`) VALUES (83, 17, 2, '2007-01-17 18:55:04', '2016-12-02 18:53:23');
INSERT INTO `friendship` (`user_id`, `friend_id`, `status_id`, `requested_at`, `confirmed_at`) VALUES (84, 29, 2, '2010-12-19 23:57:24', '1974-01-15 22:33:00');
INSERT INTO `friendship` (`user_id`, `friend_id`, `status_id`, `requested_at`, `confirmed_at`) VALUES (85, 83, 2, '1991-09-23 10:42:16', '2004-04-05 04:45:35');
INSERT INTO `friendship` (`user_id`, `friend_id`, `status_id`, `requested_at`, `confirmed_at`) VALUES (86, 86, 1, '1993-03-26 03:07:46', '1980-07-27 19:22:35');
INSERT INTO `friendship` (`user_id`, `friend_id`, `status_id`, `requested_at`, `confirmed_at`) VALUES (87, 39, 2, '1990-06-21 11:43:39', '1993-07-11 20:29:02');
INSERT INTO `friendship` (`user_id`, `friend_id`, `status_id`, `requested_at`, `confirmed_at`) VALUES (88, 60, 2, '1993-04-15 18:55:39', '1992-10-23 23:30:55');
INSERT INTO `friendship` (`user_id`, `friend_id`, `status_id`, `requested_at`, `confirmed_at`) VALUES (89, 82, 2, '1985-04-27 09:37:59', '1976-06-10 19:05:05');
INSERT INTO `friendship` (`user_id`, `friend_id`, `status_id`, `requested_at`, `confirmed_at`) VALUES (90, 15, 2, '2013-12-20 00:49:14', '1992-05-29 00:55:20');
INSERT INTO `friendship` (`user_id`, `friend_id`, `status_id`, `requested_at`, `confirmed_at`) VALUES (91, 11, 2, '1983-01-04 19:17:17', '2006-11-13 20:20:06');
INSERT INTO `friendship` (`user_id`, `friend_id`, `status_id`, `requested_at`, `confirmed_at`) VALUES (92, 44, 1, '1995-07-21 22:14:39', '1978-01-21 04:32:25');
INSERT INTO `friendship` (`user_id`, `friend_id`, `status_id`, `requested_at`, `confirmed_at`) VALUES (93, 71, 2, '1974-05-20 21:28:23', '2010-02-12 20:40:30');
INSERT INTO `friendship` (`user_id`, `friend_id`, `status_id`, `requested_at`, `confirmed_at`) VALUES (94, 88, 1, '1978-05-18 04:21:25', '1989-11-04 01:36:51');
INSERT INTO `friendship` (`user_id`, `friend_id`, `status_id`, `requested_at`, `confirmed_at`) VALUES (95, 5, 2, '1992-01-20 10:08:18', '1980-10-31 05:20:54');
INSERT INTO `friendship` (`user_id`, `friend_id`, `status_id`, `requested_at`, `confirmed_at`) VALUES (96, 46, 1, '1983-08-04 22:48:52', '1970-01-19 06:28:27');
INSERT INTO `friendship` (`user_id`, `friend_id`, `status_id`, `requested_at`, `confirmed_at`) VALUES (97, 67, 1, '1976-03-27 18:28:51', '1993-05-18 06:08:35');
INSERT INTO `friendship` (`user_id`, `friend_id`, `status_id`, `requested_at`, `confirmed_at`) VALUES (98, 99, 2, '1985-10-03 13:26:47', '1987-11-06 16:10:46');
INSERT INTO `friendship` (`user_id`, `friend_id`, `status_id`, `requested_at`, `confirmed_at`) VALUES (99, 53, 2, '1991-09-13 07:53:34', '2016-06-29 00:28:56');
INSERT INTO `friendship` (`user_id`, `friend_id`, `status_id`, `requested_at`, `confirmed_at`) VALUES (100, 21, 1, '1990-12-10 07:31:43', '2015-07-01 02:31:54');


#
# TABLE STRUCTURE FOR: friendship_statuses
#

DROP TABLE IF EXISTS `friendship_statuses`;

CREATE TABLE `friendship_statuses` (
  `id` int(10) unsigned NOT NULL AUTO_INCREMENT,
  `name` varchar(150) COLLATE utf8_unicode_ci NOT NULL,
  PRIMARY KEY (`id`),
  UNIQUE KEY `name` (`name`)
) ENGINE=InnoDB AUTO_INCREMENT=201 DEFAULT CHARSET=utf8 COLLATE=utf8_unicode_ci;

INSERT INTO `friendship_statuses` (`id`, `name`) VALUES (103, ' notfriend');
INSERT INTO `friendship_statuses` (`id`, `name`) VALUES (101, 'friend');


#
# TABLE STRUCTURE FOR: media
#

DROP TABLE IF EXISTS `media`;

CREATE TABLE `media` (
  `id` int(10) unsigned NOT NULL AUTO_INCREMENT,
  `media_type_id` int(10) unsigned NOT NULL,
  `user_id` int(10) unsigned NOT NULL,
  `filename` varchar(255) COLLATE utf8_unicode_ci NOT NULL,
  `size` int(11) NOT NULL,
  `metadata` longtext CHARACTER SET utf8mb4 COLLATE utf8mb4_bin DEFAULT NULL,
  `created_at` datetime DEFAULT current_timestamp(),
  `updated_at` datetime DEFAULT current_timestamp() ON UPDATE current_timestamp(),
  PRIMARY KEY (`id`)
) ENGINE=InnoDB AUTO_INCREMENT=101 DEFAULT CHARSET=utf8 COLLATE=utf8_unicode_ci;

INSERT INTO `media` (`id`, `media_type_id`, `user_id`, `filename`, `size`, `metadata`, `created_at`, `updated_at`) VALUES (1, 1, 1, 'ducimus', 8, NULL, '2018-07-19 22:34:23', '1988-02-10 05:13:50');
INSERT INTO `media` (`id`, `media_type_id`, `user_id`, `filename`, `size`, `metadata`, `created_at`, `updated_at`) VALUES (2, 2, 2, 'quia', 6, NULL, '1976-10-08 02:09:21', '1984-09-20 13:06:00');
INSERT INTO `media` (`id`, `media_type_id`, `user_id`, `filename`, `size`, `metadata`, `created_at`, `updated_at`) VALUES (3, 3, 3, 'qui', 1, NULL, '2001-07-14 09:53:21', '1973-06-11 07:03:01');
INSERT INTO `media` (`id`, `media_type_id`, `user_id`, `filename`, `size`, `metadata`, `created_at`, `updated_at`) VALUES (4, 4, 4, 'molestiae', 8, NULL, '2002-06-23 21:13:40', '1984-02-17 03:23:21');
INSERT INTO `media` (`id`, `media_type_id`, `user_id`, `filename`, `size`, `metadata`, `created_at`, `updated_at`) VALUES (5, 5, 5, 'laudantium', 4, NULL, '2001-05-15 23:45:39', '2018-03-25 12:33:01');
INSERT INTO `media` (`id`, `media_type_id`, `user_id`, `filename`, `size`, `metadata`, `created_at`, `updated_at`) VALUES (6, 6, 6, 'explicabo', 5, NULL, '1986-02-09 00:16:50', '1989-04-30 12:12:18');
INSERT INTO `media` (`id`, `media_type_id`, `user_id`, `filename`, `size`, `metadata`, `created_at`, `updated_at`) VALUES (7, 7, 7, 'reprehenderit', 0, NULL, '2014-07-24 09:51:23', '2008-09-10 14:09:36');
INSERT INTO `media` (`id`, `media_type_id`, `user_id`, `filename`, `size`, `metadata`, `created_at`, `updated_at`) VALUES (8, 8, 8, 'et', 9, NULL, '1970-11-23 02:15:53', '1975-09-07 10:05:32');
INSERT INTO `media` (`id`, `media_type_id`, `user_id`, `filename`, `size`, `metadata`, `created_at`, `updated_at`) VALUES (9, 9, 9, 'quia', 1, NULL, '1983-08-18 00:35:00', '2012-04-02 22:53:31');
INSERT INTO `media` (`id`, `media_type_id`, `user_id`, `filename`, `size`, `metadata`, `created_at`, `updated_at`) VALUES (10, 10, 10, 'ducimus', 5, NULL, '1987-12-02 08:21:57', '2015-10-20 00:52:16');
INSERT INTO `media` (`id`, `media_type_id`, `user_id`, `filename`, `size`, `metadata`, `created_at`, `updated_at`) VALUES (11, 11, 11, 'qui', 6, NULL, '1971-09-24 10:18:56', '2003-08-02 13:25:13');
INSERT INTO `media` (`id`, `media_type_id`, `user_id`, `filename`, `size`, `metadata`, `created_at`, `updated_at`) VALUES (12, 12, 12, 'blanditiis', 9, NULL, '2018-12-16 23:48:51', '1995-02-24 11:19:05');
INSERT INTO `media` (`id`, `media_type_id`, `user_id`, `filename`, `size`, `metadata`, `created_at`, `updated_at`) VALUES (13, 13, 13, 'eius', 4, NULL, '1990-02-01 22:43:36', '1998-07-02 18:32:14');
INSERT INTO `media` (`id`, `media_type_id`, `user_id`, `filename`, `size`, `metadata`, `created_at`, `updated_at`) VALUES (14, 14, 14, 'ex', 3, NULL, '2014-11-10 19:39:10', '1974-12-23 08:37:31');
INSERT INTO `media` (`id`, `media_type_id`, `user_id`, `filename`, `size`, `metadata`, `created_at`, `updated_at`) VALUES (15, 15, 15, 'consequatur', 2, NULL, '1989-02-10 18:31:45', '2000-05-31 04:40:42');
INSERT INTO `media` (`id`, `media_type_id`, `user_id`, `filename`, `size`, `metadata`, `created_at`, `updated_at`) VALUES (16, 16, 16, 'quas', 5, NULL, '2003-05-08 10:41:13', '1998-06-27 11:00:11');
INSERT INTO `media` (`id`, `media_type_id`, `user_id`, `filename`, `size`, `metadata`, `created_at`, `updated_at`) VALUES (17, 17, 17, 'similique', 5, NULL, '2003-08-22 06:49:01', '2015-09-24 14:37:46');
INSERT INTO `media` (`id`, `media_type_id`, `user_id`, `filename`, `size`, `metadata`, `created_at`, `updated_at`) VALUES (18, 18, 18, 'esse', 8, NULL, '1993-12-08 12:45:04', '2017-01-30 11:38:28');
INSERT INTO `media` (`id`, `media_type_id`, `user_id`, `filename`, `size`, `metadata`, `created_at`, `updated_at`) VALUES (19, 19, 19, 'error', 0, NULL, '1989-07-30 10:52:06', '1986-06-13 08:38:23');
INSERT INTO `media` (`id`, `media_type_id`, `user_id`, `filename`, `size`, `metadata`, `created_at`, `updated_at`) VALUES (20, 20, 20, 'expedita', 4, NULL, '2019-09-28 16:39:46', '2004-11-15 00:27:34');
INSERT INTO `media` (`id`, `media_type_id`, `user_id`, `filename`, `size`, `metadata`, `created_at`, `updated_at`) VALUES (21, 21, 21, 'harum', 5, NULL, '1972-10-03 06:42:05', '1972-05-01 17:53:24');
INSERT INTO `media` (`id`, `media_type_id`, `user_id`, `filename`, `size`, `metadata`, `created_at`, `updated_at`) VALUES (22, 22, 22, 'exercitationem', 2, NULL, '1993-09-03 12:00:37', '2003-03-16 07:23:43');
INSERT INTO `media` (`id`, `media_type_id`, `user_id`, `filename`, `size`, `metadata`, `created_at`, `updated_at`) VALUES (23, 23, 23, 'error', 3, NULL, '1973-03-28 00:12:07', '1973-04-30 18:54:25');
INSERT INTO `media` (`id`, `media_type_id`, `user_id`, `filename`, `size`, `metadata`, `created_at`, `updated_at`) VALUES (24, 24, 24, 'minus', 6, NULL, '2015-02-17 00:40:33', '2012-12-13 17:14:26');
INSERT INTO `media` (`id`, `media_type_id`, `user_id`, `filename`, `size`, `metadata`, `created_at`, `updated_at`) VALUES (25, 25, 25, 'repellendus', 4, NULL, '2006-04-28 02:50:48', '1996-12-18 10:40:05');
INSERT INTO `media` (`id`, `media_type_id`, `user_id`, `filename`, `size`, `metadata`, `created_at`, `updated_at`) VALUES (26, 26, 26, 'aut', 5, NULL, '1995-09-14 08:33:11', '1988-04-09 21:40:34');
INSERT INTO `media` (`id`, `media_type_id`, `user_id`, `filename`, `size`, `metadata`, `created_at`, `updated_at`) VALUES (27, 27, 27, 'quia', 1, NULL, '2004-06-23 02:32:21', '1986-07-30 03:43:50');
INSERT INTO `media` (`id`, `media_type_id`, `user_id`, `filename`, `size`, `metadata`, `created_at`, `updated_at`) VALUES (28, 28, 28, 'iusto', 8, NULL, '1975-06-24 07:41:33', '1987-10-21 13:52:51');
INSERT INTO `media` (`id`, `media_type_id`, `user_id`, `filename`, `size`, `metadata`, `created_at`, `updated_at`) VALUES (29, 29, 29, 'assumenda', 5, NULL, '1991-02-27 19:40:05', '1985-10-04 16:29:54');
INSERT INTO `media` (`id`, `media_type_id`, `user_id`, `filename`, `size`, `metadata`, `created_at`, `updated_at`) VALUES (30, 30, 30, 'est', 0, NULL, '2002-07-29 08:29:25', '2018-11-09 08:29:33');
INSERT INTO `media` (`id`, `media_type_id`, `user_id`, `filename`, `size`, `metadata`, `created_at`, `updated_at`) VALUES (31, 31, 31, 'similique', 9, NULL, '2019-08-01 18:33:14', '2008-11-04 09:01:52');
INSERT INTO `media` (`id`, `media_type_id`, `user_id`, `filename`, `size`, `metadata`, `created_at`, `updated_at`) VALUES (32, 32, 32, 'voluptatem', 4, NULL, '2002-03-29 23:21:21', '1974-03-03 22:59:05');
INSERT INTO `media` (`id`, `media_type_id`, `user_id`, `filename`, `size`, `metadata`, `created_at`, `updated_at`) VALUES (33, 33, 33, 'dolores', 9, NULL, '1985-09-21 19:26:48', '1999-12-09 09:58:28');
INSERT INTO `media` (`id`, `media_type_id`, `user_id`, `filename`, `size`, `metadata`, `created_at`, `updated_at`) VALUES (34, 34, 34, 'impedit', 6, NULL, '2008-05-06 10:50:24', '1972-01-20 18:42:52');
INSERT INTO `media` (`id`, `media_type_id`, `user_id`, `filename`, `size`, `metadata`, `created_at`, `updated_at`) VALUES (35, 35, 35, 'voluptates', 8, NULL, '1985-02-24 18:32:25', '1974-04-12 06:18:14');
INSERT INTO `media` (`id`, `media_type_id`, `user_id`, `filename`, `size`, `metadata`, `created_at`, `updated_at`) VALUES (36, 36, 36, 'magnam', 5, NULL, '1992-12-03 22:35:46', '1974-08-30 20:31:53');
INSERT INTO `media` (`id`, `media_type_id`, `user_id`, `filename`, `size`, `metadata`, `created_at`, `updated_at`) VALUES (37, 37, 37, 'ipsam', 7, NULL, '1992-01-08 20:05:08', '1972-01-02 00:48:06');
INSERT INTO `media` (`id`, `media_type_id`, `user_id`, `filename`, `size`, `metadata`, `created_at`, `updated_at`) VALUES (38, 38, 38, 'qui', 4, NULL, '1973-04-23 02:55:39', '1999-08-16 04:50:58');
INSERT INTO `media` (`id`, `media_type_id`, `user_id`, `filename`, `size`, `metadata`, `created_at`, `updated_at`) VALUES (39, 39, 39, 'eaque', 2, NULL, '1983-09-23 12:07:30', '1971-08-07 19:06:41');
INSERT INTO `media` (`id`, `media_type_id`, `user_id`, `filename`, `size`, `metadata`, `created_at`, `updated_at`) VALUES (40, 40, 40, 'a', 6, NULL, '1989-09-01 14:51:32', '1977-07-31 10:20:53');
INSERT INTO `media` (`id`, `media_type_id`, `user_id`, `filename`, `size`, `metadata`, `created_at`, `updated_at`) VALUES (41, 41, 41, 'quas', 7, NULL, '2000-03-03 04:50:42', '1987-07-12 15:45:16');
INSERT INTO `media` (`id`, `media_type_id`, `user_id`, `filename`, `size`, `metadata`, `created_at`, `updated_at`) VALUES (42, 42, 42, 'velit', 8, NULL, '2010-03-03 23:43:31', '1977-11-10 00:21:46');
INSERT INTO `media` (`id`, `media_type_id`, `user_id`, `filename`, `size`, `metadata`, `created_at`, `updated_at`) VALUES (43, 43, 43, 'consequatur', 2, NULL, '1991-05-06 18:32:06', '2005-05-16 19:55:11');
INSERT INTO `media` (`id`, `media_type_id`, `user_id`, `filename`, `size`, `metadata`, `created_at`, `updated_at`) VALUES (44, 44, 44, 'accusamus', 5, NULL, '1973-12-12 06:21:18', '1974-12-02 08:56:59');
INSERT INTO `media` (`id`, `media_type_id`, `user_id`, `filename`, `size`, `metadata`, `created_at`, `updated_at`) VALUES (45, 45, 45, 'nulla', 1, NULL, '2005-11-05 22:34:17', '2010-01-25 10:40:57');
INSERT INTO `media` (`id`, `media_type_id`, `user_id`, `filename`, `size`, `metadata`, `created_at`, `updated_at`) VALUES (46, 46, 46, 'dolor', 3, NULL, '2009-12-11 13:27:39', '2018-10-10 06:41:14');
INSERT INTO `media` (`id`, `media_type_id`, `user_id`, `filename`, `size`, `metadata`, `created_at`, `updated_at`) VALUES (47, 47, 47, 'eos', 0, NULL, '1977-11-05 08:54:46', '2003-09-18 23:50:27');
INSERT INTO `media` (`id`, `media_type_id`, `user_id`, `filename`, `size`, `metadata`, `created_at`, `updated_at`) VALUES (48, 48, 48, 'esse', 6, NULL, '1983-11-28 11:12:34', '1970-09-28 09:37:29');
INSERT INTO `media` (`id`, `media_type_id`, `user_id`, `filename`, `size`, `metadata`, `created_at`, `updated_at`) VALUES (49, 49, 49, 'nostrum', 0, NULL, '2001-09-28 09:29:05', '1974-01-12 08:35:48');
INSERT INTO `media` (`id`, `media_type_id`, `user_id`, `filename`, `size`, `metadata`, `created_at`, `updated_at`) VALUES (50, 50, 50, 'velit', 5, NULL, '2010-09-18 16:20:11', '1999-06-08 02:29:58');
INSERT INTO `media` (`id`, `media_type_id`, `user_id`, `filename`, `size`, `metadata`, `created_at`, `updated_at`) VALUES (51, 51, 51, 'dolorem', 4, NULL, '1973-09-29 20:34:22', '1994-10-08 07:37:26');
INSERT INTO `media` (`id`, `media_type_id`, `user_id`, `filename`, `size`, `metadata`, `created_at`, `updated_at`) VALUES (52, 52, 52, 'eligendi', 5, NULL, '1986-08-23 11:51:42', '1984-01-23 06:14:34');
INSERT INTO `media` (`id`, `media_type_id`, `user_id`, `filename`, `size`, `metadata`, `created_at`, `updated_at`) VALUES (53, 53, 53, 'illo', 3, NULL, '2010-07-03 10:36:05', '1990-05-07 17:53:48');
INSERT INTO `media` (`id`, `media_type_id`, `user_id`, `filename`, `size`, `metadata`, `created_at`, `updated_at`) VALUES (54, 54, 54, 'quas', 4, NULL, '1997-03-14 00:59:55', '1977-03-23 13:27:22');
INSERT INTO `media` (`id`, `media_type_id`, `user_id`, `filename`, `size`, `metadata`, `created_at`, `updated_at`) VALUES (55, 55, 55, 'ducimus', 8, NULL, '1978-08-02 14:36:35', '1995-05-28 18:13:48');
INSERT INTO `media` (`id`, `media_type_id`, `user_id`, `filename`, `size`, `metadata`, `created_at`, `updated_at`) VALUES (56, 56, 56, 'voluptatem', 2, NULL, '1980-09-23 22:25:47', '1988-10-05 12:05:08');
INSERT INTO `media` (`id`, `media_type_id`, `user_id`, `filename`, `size`, `metadata`, `created_at`, `updated_at`) VALUES (57, 57, 57, 'maiores', 9, NULL, '2005-01-25 19:05:49', '1998-03-24 21:58:38');
INSERT INTO `media` (`id`, `media_type_id`, `user_id`, `filename`, `size`, `metadata`, `created_at`, `updated_at`) VALUES (58, 58, 58, 'accusantium', 5, NULL, '1976-10-23 10:28:21', '1996-10-06 13:12:30');
INSERT INTO `media` (`id`, `media_type_id`, `user_id`, `filename`, `size`, `metadata`, `created_at`, `updated_at`) VALUES (59, 59, 59, 'rem', 1, NULL, '1982-04-14 15:17:13', '2019-01-05 00:44:56');
INSERT INTO `media` (`id`, `media_type_id`, `user_id`, `filename`, `size`, `metadata`, `created_at`, `updated_at`) VALUES (60, 60, 60, 'sequi', 1, NULL, '1997-09-25 16:16:46', '1980-11-06 17:24:07');
INSERT INTO `media` (`id`, `media_type_id`, `user_id`, `filename`, `size`, `metadata`, `created_at`, `updated_at`) VALUES (61, 61, 61, 'molestiae', 4, NULL, '2002-06-29 23:55:57', '1982-07-09 04:21:01');
INSERT INTO `media` (`id`, `media_type_id`, `user_id`, `filename`, `size`, `metadata`, `created_at`, `updated_at`) VALUES (62, 62, 62, 'fugit', 6, NULL, '1980-11-19 15:58:55', '1983-11-01 12:19:21');
INSERT INTO `media` (`id`, `media_type_id`, `user_id`, `filename`, `size`, `metadata`, `created_at`, `updated_at`) VALUES (63, 63, 63, 'expedita', 4, NULL, '2000-01-20 06:57:39', '1973-09-19 23:58:25');
INSERT INTO `media` (`id`, `media_type_id`, `user_id`, `filename`, `size`, `metadata`, `created_at`, `updated_at`) VALUES (64, 64, 64, 'sequi', 3, NULL, '1974-08-11 19:35:18', '2018-11-12 16:52:50');
INSERT INTO `media` (`id`, `media_type_id`, `user_id`, `filename`, `size`, `metadata`, `created_at`, `updated_at`) VALUES (65, 65, 65, 'mollitia', 1, NULL, '1991-04-16 06:15:24', '1977-05-03 18:25:46');
INSERT INTO `media` (`id`, `media_type_id`, `user_id`, `filename`, `size`, `metadata`, `created_at`, `updated_at`) VALUES (66, 66, 66, 'ullam', 1, NULL, '1992-11-30 15:11:00', '1983-11-22 19:44:04');
INSERT INTO `media` (`id`, `media_type_id`, `user_id`, `filename`, `size`, `metadata`, `created_at`, `updated_at`) VALUES (67, 67, 67, 'eum', 8, NULL, '1982-05-14 06:14:35', '1981-02-01 03:11:31');
INSERT INTO `media` (`id`, `media_type_id`, `user_id`, `filename`, `size`, `metadata`, `created_at`, `updated_at`) VALUES (68, 68, 68, 'doloribus', 2, NULL, '2013-04-01 09:28:41', '1998-11-23 19:50:52');
INSERT INTO `media` (`id`, `media_type_id`, `user_id`, `filename`, `size`, `metadata`, `created_at`, `updated_at`) VALUES (69, 69, 69, 'amet', 4, NULL, '1975-04-27 20:18:59', '2017-08-12 21:31:51');
INSERT INTO `media` (`id`, `media_type_id`, `user_id`, `filename`, `size`, `metadata`, `created_at`, `updated_at`) VALUES (70, 70, 70, 'repudiandae', 5, NULL, '2006-06-30 14:37:40', '1983-04-09 11:18:55');
INSERT INTO `media` (`id`, `media_type_id`, `user_id`, `filename`, `size`, `metadata`, `created_at`, `updated_at`) VALUES (71, 71, 71, 'aut', 5, NULL, '2000-03-10 05:50:16', '1987-07-18 07:43:28');
INSERT INTO `media` (`id`, `media_type_id`, `user_id`, `filename`, `size`, `metadata`, `created_at`, `updated_at`) VALUES (72, 72, 72, 'ratione', 1, NULL, '1992-05-16 14:53:02', '1986-08-08 11:52:59');
INSERT INTO `media` (`id`, `media_type_id`, `user_id`, `filename`, `size`, `metadata`, `created_at`, `updated_at`) VALUES (73, 73, 73, 'sed', 5, NULL, '2008-07-31 17:39:07', '2013-04-03 16:32:20');
INSERT INTO `media` (`id`, `media_type_id`, `user_id`, `filename`, `size`, `metadata`, `created_at`, `updated_at`) VALUES (74, 74, 74, 'sunt', 0, NULL, '1994-12-16 03:07:32', '1985-12-09 18:33:59');
INSERT INTO `media` (`id`, `media_type_id`, `user_id`, `filename`, `size`, `metadata`, `created_at`, `updated_at`) VALUES (75, 75, 75, 'eaque', 5, NULL, '2017-04-27 15:21:21', '2008-11-18 09:29:25');
INSERT INTO `media` (`id`, `media_type_id`, `user_id`, `filename`, `size`, `metadata`, `created_at`, `updated_at`) VALUES (76, 76, 76, 'ipsam', 9, NULL, '1991-02-24 03:32:34', '2019-06-09 14:50:35');
INSERT INTO `media` (`id`, `media_type_id`, `user_id`, `filename`, `size`, `metadata`, `created_at`, `updated_at`) VALUES (77, 77, 77, 'consequatur', 5, NULL, '2012-09-18 08:02:53', '1987-12-25 09:12:50');
INSERT INTO `media` (`id`, `media_type_id`, `user_id`, `filename`, `size`, `metadata`, `created_at`, `updated_at`) VALUES (78, 78, 78, 'molestiae', 1, NULL, '1987-01-28 22:29:05', '2015-03-05 17:28:42');
INSERT INTO `media` (`id`, `media_type_id`, `user_id`, `filename`, `size`, `metadata`, `created_at`, `updated_at`) VALUES (79, 79, 79, 'quod', 0, NULL, '1980-12-29 23:08:27', '2012-06-04 14:36:55');
INSERT INTO `media` (`id`, `media_type_id`, `user_id`, `filename`, `size`, `metadata`, `created_at`, `updated_at`) VALUES (80, 80, 80, 'ipsam', 6, NULL, '2004-05-02 09:15:58', '1980-02-14 20:09:49');
INSERT INTO `media` (`id`, `media_type_id`, `user_id`, `filename`, `size`, `metadata`, `created_at`, `updated_at`) VALUES (81, 81, 81, 'ut', 0, NULL, '1999-05-22 06:44:19', '2004-04-19 22:03:42');
INSERT INTO `media` (`id`, `media_type_id`, `user_id`, `filename`, `size`, `metadata`, `created_at`, `updated_at`) VALUES (82, 82, 82, 'sequi', 9, NULL, '2012-05-07 12:09:14', '1971-05-04 03:32:14');
INSERT INTO `media` (`id`, `media_type_id`, `user_id`, `filename`, `size`, `metadata`, `created_at`, `updated_at`) VALUES (83, 83, 83, 'voluptatum', 4, NULL, '2017-09-26 01:11:46', '1999-11-23 09:38:44');
INSERT INTO `media` (`id`, `media_type_id`, `user_id`, `filename`, `size`, `metadata`, `created_at`, `updated_at`) VALUES (84, 84, 84, 'dolorem', 6, NULL, '2017-10-07 08:49:04', '1999-07-17 19:50:47');
INSERT INTO `media` (`id`, `media_type_id`, `user_id`, `filename`, `size`, `metadata`, `created_at`, `updated_at`) VALUES (85, 85, 85, 'non', 6, NULL, '2006-03-22 13:51:31', '1973-10-01 10:01:36');
INSERT INTO `media` (`id`, `media_type_id`, `user_id`, `filename`, `size`, `metadata`, `created_at`, `updated_at`) VALUES (86, 86, 86, 'iure', 8, NULL, '1978-12-30 07:39:44', '1978-07-24 10:24:35');
INSERT INTO `media` (`id`, `media_type_id`, `user_id`, `filename`, `size`, `metadata`, `created_at`, `updated_at`) VALUES (87, 87, 87, 'fugit', 9, NULL, '1974-12-09 17:35:21', '1981-01-18 03:29:58');
INSERT INTO `media` (`id`, `media_type_id`, `user_id`, `filename`, `size`, `metadata`, `created_at`, `updated_at`) VALUES (88, 88, 88, 'soluta', 5, NULL, '1991-02-28 12:07:57', '1999-08-28 16:08:42');
INSERT INTO `media` (`id`, `media_type_id`, `user_id`, `filename`, `size`, `metadata`, `created_at`, `updated_at`) VALUES (89, 89, 89, 'et', 6, NULL, '1974-09-07 10:14:27', '2011-09-26 12:29:10');
INSERT INTO `media` (`id`, `media_type_id`, `user_id`, `filename`, `size`, `metadata`, `created_at`, `updated_at`) VALUES (90, 90, 90, 'alias', 8, NULL, '2009-09-06 06:59:19', '2012-01-21 03:17:55');
INSERT INTO `media` (`id`, `media_type_id`, `user_id`, `filename`, `size`, `metadata`, `created_at`, `updated_at`) VALUES (91, 91, 91, 'quod', 6, NULL, '1973-04-18 14:33:06', '1983-03-13 02:57:02');
INSERT INTO `media` (`id`, `media_type_id`, `user_id`, `filename`, `size`, `metadata`, `created_at`, `updated_at`) VALUES (92, 92, 92, 'excepturi', 2, NULL, '1995-03-06 03:21:55', '2017-12-08 12:29:12');
INSERT INTO `media` (`id`, `media_type_id`, `user_id`, `filename`, `size`, `metadata`, `created_at`, `updated_at`) VALUES (93, 93, 93, 'animi', 0, NULL, '1997-03-28 13:27:14', '1976-09-03 02:02:29');
INSERT INTO `media` (`id`, `media_type_id`, `user_id`, `filename`, `size`, `metadata`, `created_at`, `updated_at`) VALUES (94, 94, 94, 'minima', 2, NULL, '1999-05-06 06:54:32', '2018-03-07 19:56:13');
INSERT INTO `media` (`id`, `media_type_id`, `user_id`, `filename`, `size`, `metadata`, `created_at`, `updated_at`) VALUES (95, 95, 95, 'possimus', 8, NULL, '1973-08-23 19:28:24', '2017-10-29 22:47:40');
INSERT INTO `media` (`id`, `media_type_id`, `user_id`, `filename`, `size`, `metadata`, `created_at`, `updated_at`) VALUES (96, 96, 96, 'eum', 4, NULL, '1989-08-29 12:31:58', '2007-02-18 17:34:11');
INSERT INTO `media` (`id`, `media_type_id`, `user_id`, `filename`, `size`, `metadata`, `created_at`, `updated_at`) VALUES (97, 97, 97, 'quis', 4, NULL, '1978-01-08 05:26:07', '1992-03-17 13:27:49');
INSERT INTO `media` (`id`, `media_type_id`, `user_id`, `filename`, `size`, `metadata`, `created_at`, `updated_at`) VALUES (98, 98, 98, 'est', 8, NULL, '1977-03-31 23:05:57', '1985-01-06 06:45:29');
INSERT INTO `media` (`id`, `media_type_id`, `user_id`, `filename`, `size`, `metadata`, `created_at`, `updated_at`) VALUES (99, 99, 99, 'libero', 4, NULL, '2013-05-20 05:54:36', '2006-09-14 20:19:09');
INSERT INTO `media` (`id`, `media_type_id`, `user_id`, `filename`, `size`, `metadata`, `created_at`, `updated_at`) VALUES (100, 100, 100, 'quasi', 4, NULL, '1998-04-10 16:47:44', '2000-12-21 19:32:21');


#
# TABLE STRUCTURE FOR: media_types
#

DROP TABLE IF EXISTS `media_types`;

CREATE TABLE `media_types` (
  `id` int(10) unsigned NOT NULL AUTO_INCREMENT,
  `name` varchar(255) COLLATE utf8_unicode_ci NOT NULL,
  PRIMARY KEY (`id`),
  UNIQUE KEY `name` (`name`)
) ENGINE=InnoDB AUTO_INCREMENT=101 DEFAULT CHARSET=utf8 COLLATE=utf8_unicode_ci;

INSERT INTO `media_types` (`id`, `name`) VALUES (74, 'Accusamus et repellendus ut ad. Cum impedit libero qui laboriosam.');
INSERT INTO `media_types` (`id`, `name`) VALUES (91, 'Aliquam quo maxime consequatur nostrum vel. Cum ab non inventore autem soluta. Et sit qui atque tempora et.');
INSERT INTO `media_types` (`id`, `name`) VALUES (23, 'At autem tempora ex temporibus libero. Rerum vitae delectus iure ut consequatur dolore. Sint consequatur nulla est tempore sapiente.');
INSERT INTO `media_types` (`id`, `name`) VALUES (16, 'Aut cum esse reiciendis. Consectetur dolores ducimus ut molestias unde neque aperiam.');
INSERT INTO `media_types` (`id`, `name`) VALUES (52, 'Aut et quibusdam delectus accusantium. Quasi debitis est delectus fuga. Ipsum reprehenderit eos consequuntur a fugit nostrum cum corporis. Cumque suscipit qui sapiente omnis velit modi.');
INSERT INTO `media_types` (`id`, `name`) VALUES (17, 'Aut natus velit sint reprehenderit rerum molestiae. Ut aut eum quia. Et totam sit ratione excepturi ut.');
INSERT INTO `media_types` (`id`, `name`) VALUES (66, 'Blanditiis impedit quia vel perspiciatis suscipit et. Minima quo quae repellat quia qui dolore. Consectetur est et autem cumque occaecati impedit sunt.');
INSERT INTO `media_types` (`id`, `name`) VALUES (24, 'Blanditiis occaecati temporibus magnam odit enim repellat. Sed qui qui nam sunt minima sed repellendus. Incidunt et dicta deserunt vero sit aut quod.');
INSERT INTO `media_types` (`id`, `name`) VALUES (7, 'Consequatur et architecto error dolores ipsa et. Error deleniti veritatis quo excepturi vero deserunt. Molestias vitae nihil architecto.');
INSERT INTO `media_types` (`id`, `name`) VALUES (44, 'Consequuntur deleniti ut vel ullam dignissimos. Eveniet totam dolorem nihil doloremque. Optio ut sed fugiat quaerat sit rerum. Dicta omnis molestiae amet doloribus non sunt.');
INSERT INTO `media_types` (`id`, `name`) VALUES (46, 'Corrupti id natus enim quisquam animi magni ut. Dolor enim culpa soluta debitis facilis voluptatem modi non. Labore dolorem voluptas a reiciendis ullam dolor. Aut et rerum id.');
INSERT INTO `media_types` (`id`, `name`) VALUES (62, 'Culpa sit voluptas voluptatem recusandae voluptas rerum non. Tenetur aliquam earum eum velit. Harum animi et natus.');
INSERT INTO `media_types` (`id`, `name`) VALUES (33, 'Cupiditate aliquid qui quia adipisci et beatae in. Iusto doloremque omnis ex autem cum. Ex tempore eum iste fugit.');
INSERT INTO `media_types` (`id`, `name`) VALUES (30, 'Cupiditate in dolorem deserunt et id voluptate. Occaecati nostrum debitis et facere ex totam ea. Qui blanditiis est dolore quam ab.');
INSERT INTO `media_types` (`id`, `name`) VALUES (21, 'Dolorem optio suscipit exercitationem similique perferendis quis quos. Quia aut et dolor numquam et voluptas. Minima dicta eos nobis odio.');
INSERT INTO `media_types` (`id`, `name`) VALUES (99, 'Dolores deserunt dolores eos ab provident provident consectetur. Nihil voluptatibus eos non voluptatum ea. Ad consectetur quia enim esse voluptas in.');
INSERT INTO `media_types` (`id`, `name`) VALUES (100, 'Ea recusandae omnis quae maxime. Non maxime omnis commodi minus. Nisi maiores voluptates est nihil sit. Eligendi alias veniam repellat id ut accusamus.');
INSERT INTO `media_types` (`id`, `name`) VALUES (6, 'Earum sequi rerum fuga atque aut quaerat. Fugit nam assumenda enim qui. A nihil accusamus dolor est laudantium nobis. Ratione quod et aut.');
INSERT INTO `media_types` (`id`, `name`) VALUES (27, 'Eligendi fugit et eveniet ratione. Dicta autem et dolor libero ipsam omnis.\nEnim voluptas vel similique sunt tenetur dolorum. Voluptas aut nulla sit iste.');
INSERT INTO `media_types` (`id`, `name`) VALUES (51, 'Eligendi quo porro eaque id. Rerum dolore est totam quia. Minima sequi qui sit et fugit eum. Voluptatem id omnis ut autem nisi. Iste saepe sed et ut numquam eum cumque.');
INSERT INTO `media_types` (`id`, `name`) VALUES (71, 'Enim dolores ut iusto quam iure in. Omnis dolor aliquam aut rem. Et unde pariatur doloribus ratione molestias aspernatur ipsa.');
INSERT INTO `media_types` (`id`, `name`) VALUES (29, 'Eos est architecto at explicabo eos sapiente aut ab. Officia dolor porro quasi eius rerum. Maxime voluptates cum alias. Iusto id quia possimus ut.');
INSERT INTO `media_types` (`id`, `name`) VALUES (11, 'Eos perferendis voluptas possimus eos. Qui et ut perspiciatis impedit sunt quo. Quam cupiditate praesentium cupiditate sit nesciunt ab consectetur. Ut ea aut dolor.');
INSERT INTO `media_types` (`id`, `name`) VALUES (70, 'Eos repellendus consequatur non error beatae esse neque ullam. Est ut laudantium nam aperiam voluptas voluptas vel. Accusamus suscipit id qui optio incidunt rerum.');
INSERT INTO `media_types` (`id`, `name`) VALUES (93, 'Est molestiae sit deleniti voluptatem qui dolor et quos. Occaecati quia neque libero dolorem. Nam ut nisi ea laudantium tempora. Sint quia eaque rerum enim non eum commodi corporis.');
INSERT INTO `media_types` (`id`, `name`) VALUES (60, 'Et consequuntur quas distinctio placeat. Autem sit nihil enim. Porro est error mollitia placeat error impedit. Odio rem atque voluptatem sed.');
INSERT INTO `media_types` (`id`, `name`) VALUES (40, 'Et distinctio ipsum explicabo eligendi. Aut omnis architecto autem similique veniam sed. Tempora excepturi sed itaque enim.');
INSERT INTO `media_types` (`id`, `name`) VALUES (72, 'Et possimus suscipit dolores ea aut omnis. Voluptas tempore ipsam numquam voluptate exercitationem minima quibusdam. Commodi ut unde illo error.');
INSERT INTO `media_types` (`id`, `name`) VALUES (3, 'Et qui adipisci consectetur aliquid occaecati sequi porro. Ut earum dolor voluptatum sed odio impedit. Quis quia pariatur reprehenderit quo.');
INSERT INTO `media_types` (`id`, `name`) VALUES (34, 'Et voluptatibus fuga voluptatem qui rerum vero. Ab fugiat assumenda velit doloribus voluptatem fugit. Qui fuga repellendus vel similique aut at est. Alias dignissimos ratione perferendis fugit.');
INSERT INTO `media_types` (`id`, `name`) VALUES (69, 'Eum porro nostrum corporis autem et itaque et nulla. Reprehenderit et porro consectetur ut doloremque. Tempora quo voluptas quae magnam et. Vero magni quidem delectus ad non iure vel.');
INSERT INTO `media_types` (`id`, `name`) VALUES (14, 'Eum voluptatem exercitationem maiores placeat architecto. Natus accusamus impedit rerum fuga quisquam. Minima eum vel quod deleniti repellat. Eius dicta sunt amet ducimus quis recusandae.');
INSERT INTO `media_types` (`id`, `name`) VALUES (10, 'Fuga facere praesentium quaerat sed molestias quia maxime. Molestias sit facilis id sequi voluptatibus qui deleniti. Ab quae consequatur expedita distinctio.');
INSERT INTO `media_types` (`id`, `name`) VALUES (82, 'Harum ea rem amet dicta molestiae doloribus. Inventore officiis cum assumenda vero eligendi dignissimos sed. Non dolor nulla cumque corporis esse.');
INSERT INTO `media_types` (`id`, `name`) VALUES (8, 'Harum sed officiis sequi illum repudiandae quo doloribus. Praesentium qui consequatur vero odio nisi assumenda vitae. Id dolor voluptas ut a. Sunt fugit autem porro asperiores distinctio corrupti et.');
INSERT INTO `media_types` (`id`, `name`) VALUES (12, 'Hic consequatur et eaque aliquid suscipit minima. Eligendi delectus nobis ipsam. Iusto eius ut tenetur temporibus.');
INSERT INTO `media_types` (`id`, `name`) VALUES (92, 'Hic qui voluptas est reiciendis recusandae adipisci enim. Doloribus minus esse est in reprehenderit magnam. Et adipisci autem earum debitis et. Facilis aut dolores eos odit eaque.');
INSERT INTO `media_types` (`id`, `name`) VALUES (13, 'Illum vitae voluptatem libero doloribus reiciendis sunt. Et sit occaecati quibusdam quia. Harum dolorum optio eveniet possimus odit recusandae odit vel.');
INSERT INTO `media_types` (`id`, `name`) VALUES (80, 'Impedit esse impedit eum id. A unde qui veritatis atque qui. Et ea est impedit ut sed. Est earum in sint voluptatibus iure architecto laborum.');
INSERT INTO `media_types` (`id`, `name`) VALUES (36, 'In et repellat voluptatibus quam et. Et et recusandae et consequatur quis. Qui incidunt animi asperiores error.');
INSERT INTO `media_types` (`id`, `name`) VALUES (47, 'Inventore quia consequuntur doloribus. Suscipit vero sint ad in temporibus voluptate. Libero laborum voluptas possimus voluptatibus nisi eos. Fuga fugit laborum eum omnis.');
INSERT INTO `media_types` (`id`, `name`) VALUES (61, 'Iure blanditiis cumque quis tenetur. Fugiat nisi sed et similique magnam fuga. Minus ab iure tempore eos voluptatem. Sit sed sint placeat culpa autem similique eius.');
INSERT INTO `media_types` (`id`, `name`) VALUES (85, 'Iure qui ut voluptas cupiditate velit amet voluptatum. Dolores ipsum quae consequatur quis. Sed asperiores veritatis sunt ducimus rerum harum. Dignissimos est vel facilis molestias atque quibusdam.');
INSERT INTO `media_types` (`id`, `name`) VALUES (32, 'Iusto enim omnis qui dolorum voluptatem animi dolor. Sit voluptatum dolorum repellendus earum. Maxime ut eius mollitia at.');
INSERT INTO `media_types` (`id`, `name`) VALUES (1, 'Iusto sint debitis occaecati modi ab aliquid. Rem placeat libero eaque qui voluptate. Repellendus suscipit recusandae quae.');
INSERT INTO `media_types` (`id`, `name`) VALUES (68, 'Labore libero nostrum perferendis quia. Ea quam facilis quia consequatur voluptatibus. Placeat quas illum doloremque itaque suscipit.');
INSERT INTO `media_types` (`id`, `name`) VALUES (65, 'Laudantium inventore repellendus fugit quasi omnis beatae. Quia sed culpa culpa eius unde aliquid in. Molestiae laudantium consequatur alias est est eveniet ea et. Eos ea eligendi quam totam quia.');
INSERT INTO `media_types` (`id`, `name`) VALUES (2, 'Minus velit illum est quidem. Ut commodi necessitatibus quae odit sed quos ad.');
INSERT INTO `media_types` (`id`, `name`) VALUES (86, 'Molestiae numquam voluptatem voluptatem soluta et deserunt ab. Voluptates debitis a sint autem qui consequatur sit. Sunt labore voluptas repudiandae veritatis.');
INSERT INTO `media_types` (`id`, `name`) VALUES (98, 'Molestias quis nulla magnam. Veniam laudantium sint neque. Maxime atque cumque omnis ipsum quidem pariatur est.');
INSERT INTO `media_types` (`id`, `name`) VALUES (20, 'Nam molestiae velit tenetur unde aut molestiae. Qui quod beatae eveniet sit. Est dolorem quae quod laborum odit rem.');
INSERT INTO `media_types` (`id`, `name`) VALUES (73, 'Necessitatibus maiores tenetur qui commodi sequi quod. Quia est aspernatur optio error dolore tempore quidem. Numquam voluptatem a eum aperiam eum.');
INSERT INTO `media_types` (`id`, `name`) VALUES (94, 'Nemo ad ea amet amet ad alias nulla. Veritatis nulla animi consequatur excepturi veniam voluptate animi. Porro eius soluta velit facere error placeat ut.');
INSERT INTO `media_types` (`id`, `name`) VALUES (63, 'Nihil corrupti sit consequatur minima aut. Reprehenderit aperiam qui explicabo consectetur nisi tenetur. Delectus sed consequatur magni.');
INSERT INTO `media_types` (`id`, `name`) VALUES (35, 'Nihil itaque eligendi nisi ex. Voluptas voluptate qui esse cum exercitationem in laudantium. Nostrum qui sequi natus quibusdam. Non rerum ipsum eaque minus quo.');
INSERT INTO `media_types` (`id`, `name`) VALUES (53, 'Nisi et quam dolorum unde tenetur. Voluptas iusto rerum fuga similique et. Ut sunt a esse exercitationem. Et hic eveniet repudiandae et.');
INSERT INTO `media_types` (`id`, `name`) VALUES (37, 'Non dolorum laudantium consectetur odio sunt et. Exercitationem natus veritatis mollitia laboriosam soluta voluptatem quidem eligendi.');
INSERT INTO `media_types` (`id`, `name`) VALUES (28, 'Nulla quae vitae incidunt nihil cupiditate. Voluptas alias qui unde facere. Qui autem laboriosam quo fugit quia sequi. Quaerat est quia totam quod soluta voluptates.');
INSERT INTO `media_types` (`id`, `name`) VALUES (95, 'Numquam eius ea illum. Est et nobis libero vitae voluptas sed vel. Dolor magnam magnam in et. Odit maiores et ex adipisci et et ullam.');
INSERT INTO `media_types` (`id`, `name`) VALUES (15, 'Odio excepturi consequuntur et eveniet doloremque quos nulla. Perferendis magni quis quia. Consequatur earum voluptatibus consequuntur eius sit dolores.');
INSERT INTO `media_types` (`id`, `name`) VALUES (26, 'Omnis atque exercitationem id vel. Iure impedit repellat eius rerum voluptatem blanditiis. Et quos est et. Amet quaerat dicta dolor minus id eveniet aut laborum.');
INSERT INTO `media_types` (`id`, `name`) VALUES (87, 'Omnis voluptatem incidunt quia dolore temporibus ut. Qui ducimus laudantium voluptatem excepturi similique. In fugit corporis iure fugit.');
INSERT INTO `media_types` (`id`, `name`) VALUES (42, 'Pariatur rem aut tempora natus incidunt odit nostrum impedit. Necessitatibus quisquam delectus qui accusamus. Laboriosam ut quae ipsa non qui.');
INSERT INTO `media_types` (`id`, `name`) VALUES (97, 'Quasi nulla et harum omnis. Illum nesciunt est harum architecto asperiores in. Omnis odit aut expedita omnis quo culpa. Quis atque est soluta aliquam et deleniti.');
INSERT INTO `media_types` (`id`, `name`) VALUES (22, 'Quia qui deserunt non nihil voluptatem. Laborum magnam perferendis distinctio distinctio non velit consectetur. Corrupti aut molestiae excepturi ut. Et illum occaecati suscipit hic qui rerum sequi.');
INSERT INTO `media_types` (`id`, `name`) VALUES (83, 'Quis error et quia eaque exercitationem eligendi. Amet iure rerum at sunt architecto voluptatum. Quae minus ut autem non quo. Qui dolores corporis qui fuga.');
INSERT INTO `media_types` (`id`, `name`) VALUES (88, 'Quisquam aut expedita cum et inventore iure. Deleniti vitae mollitia quas itaque quis inventore quo. Nihil qui suscipit iure mollitia atque optio.');
INSERT INTO `media_types` (`id`, `name`) VALUES (90, 'Quo non et aspernatur nisi aut itaque. Maiores quidem labore repellat quae. Incidunt dolor et voluptas mollitia. Sit iure sapiente ut laboriosam quis corporis et dolor.');
INSERT INTO `media_types` (`id`, `name`) VALUES (77, 'Quod sapiente expedita consectetur ullam ea est explicabo. Atque nam aut ea molestias molestias voluptates. Totam nihil tempora aut.');
INSERT INTO `media_types` (`id`, `name`) VALUES (48, 'Quos provident qui totam aperiam omnis quo. Repellat ut incidunt necessitatibus quaerat veritatis dolor occaecati. Culpa quis omnis deserunt laboriosam.');
INSERT INTO `media_types` (`id`, `name`) VALUES (50, 'Recusandae fugit assumenda minus nostrum explicabo ab. Soluta voluptatem est et. Natus magni rerum ut assumenda quaerat eaque. Quo eligendi tempore dignissimos aperiam.');
INSERT INTO `media_types` (`id`, `name`) VALUES (39, 'Recusandae necessitatibus et amet. Sit pariatur quis explicabo enim. Laborum esse molestiae debitis iste nobis. Quam non tenetur nulla expedita est deleniti quia et.');
INSERT INTO `media_types` (`id`, `name`) VALUES (57, 'Repellat rerum animi atque nesciunt ut rerum exercitationem. Et deserunt quia voluptates quia alias doloribus id dicta. Perferendis omnis maxime deserunt quia sed.');
INSERT INTO `media_types` (`id`, `name`) VALUES (45, 'Reprehenderit a itaque ut porro. Porro voluptatem quia qui nemo. Ut enim autem odio nobis et saepe.');
INSERT INTO `media_types` (`id`, `name`) VALUES (18, 'Repudiandae minima iste qui illo expedita alias rerum. Ut laboriosam repudiandae atque similique et aut ut velit. Rerum enim pariatur consequuntur.');
INSERT INTO `media_types` (`id`, `name`) VALUES (9, 'Rerum provident consequatur cum delectus perferendis in placeat. Mollitia sed et reiciendis aut assumenda porro. Totam est neque officiis quasi qui beatae eum.');
INSERT INTO `media_types` (`id`, `name`) VALUES (55, 'Saepe sit ut aut natus et. Praesentium qui et et. Et sit impedit nisi quas commodi. In excepturi repellendus dolor in eaque sunt.');
INSERT INTO `media_types` (`id`, `name`) VALUES (19, 'Sapiente quia qui aut placeat non. In minima quae porro aut sunt. Eius illo cumque velit assumenda.');
INSERT INTO `media_types` (`id`, `name`) VALUES (56, 'Sed inventore in occaecati maxime voluptatibus quis unde. Laborum enim natus in architecto. Aperiam non suscipit repudiandae consequatur.');
INSERT INTO `media_types` (`id`, `name`) VALUES (4, 'Sit dolor nihil ipsam. Sunt et voluptas voluptas consequatur et. Ut laborum officiis harum labore debitis ea excepturi. Beatae molestiae asperiores voluptatibus tempore numquam minus.');
INSERT INTO `media_types` (`id`, `name`) VALUES (41, 'Sit qui dolores neque eos aut rerum est non. Fugit rerum sint atque et provident beatae. Veritatis voluptatem dolore et rerum. Id nam repudiandae blanditiis.');
INSERT INTO `media_types` (`id`, `name`) VALUES (81, 'Sit vel quasi nihil voluptatem. Vel est harum dicta delectus minus dignissimos est. Soluta quo ipsa et quibusdam atque et et. Placeat nemo ab officiis harum quia.');
INSERT INTO `media_types` (`id`, `name`) VALUES (49, 'Soluta illo magnam officiis optio non et et. Consequatur nisi nihil hic et perferendis hic. Qui dolor dicta est at sapiente.');
INSERT INTO `media_types` (`id`, `name`) VALUES (96, 'Sunt eum sapiente dolores soluta eum rerum autem praesentium. Voluptate et quis accusamus veniam. Aliquam qui non repellendus qui ipsum doloribus perspiciatis tempore.');
INSERT INTO `media_types` (`id`, `name`) VALUES (58, 'Sunt sint omnis et reprehenderit vitae qui saepe. Sit nam ut quod consequatur enim. Dolores recusandae facere consequatur. Ipsa facere exercitationem et non possimus. Recusandae unde qui commodi cum.');
INSERT INTO `media_types` (`id`, `name`) VALUES (59, 'Tempora consequatur ullam reiciendis ea fugit. Ea cum ipsum porro ut.');
INSERT INTO `media_types` (`id`, `name`) VALUES (89, 'Tenetur cumque vitae ullam nobis. Qui autem sapiente voluptatem nisi consequuntur corrupti ducimus. Quasi ut incidunt facere laborum sed cupiditate. Ut non doloremque et nulla.');
INSERT INTO `media_types` (`id`, `name`) VALUES (84, 'Ut officiis molestias laboriosam. Ab aut itaque explicabo minus quo.\nQui aut est ullam dicta. Est laboriosam cum sunt ullam aut quasi. Quam est magni eaque ut minus suscipit.');
INSERT INTO `media_types` (`id`, `name`) VALUES (31, 'Vel molestiae provident voluptatem quasi exercitationem nostrum esse nisi. Inventore eum laboriosam dolorem consectetur autem. Pariatur rem laborum et amet.');
INSERT INTO `media_types` (`id`, `name`) VALUES (5, 'Vel voluptas placeat molestiae laboriosam harum unde voluptatem facere. Vitae est vero officiis dolores rerum. Est aut accusamus et corporis quasi autem. Aut vel quos delectus sit maxime.');
INSERT INTO `media_types` (`id`, `name`) VALUES (54, 'Velit ea id quod sed. Sit consequatur ullam quia eveniet et eum ut vel. Nobis impedit veniam officiis laboriosam aliquid repudiandae quibusdam. Suscipit dolorum unde ut molestias.');
INSERT INTO `media_types` (`id`, `name`) VALUES (78, 'Velit unde aperiam et voluptatem. Necessitatibus sed et fugiat sunt. Tenetur itaque rem et non repudiandae molestias quis dolor. Eveniet aut harum ipsa quis voluptatem.');
INSERT INTO `media_types` (`id`, `name`) VALUES (67, 'Veritatis adipisci minima quibusdam ducimus aperiam. Occaecati et hic est. Harum velit non quis et dolorum vel.');
INSERT INTO `media_types` (`id`, `name`) VALUES (25, 'Vero minima quod et consectetur nam recusandae. Quos aut perspiciatis consequatur iste. Neque quidem quasi voluptatem vel nihil dolor. Harum dolorem dicta sunt aut.');
INSERT INTO `media_types` (`id`, `name`) VALUES (75, 'Vitae minima quia corrupti. Unde et deleniti velit in ab. Qui distinctio et expedita non sequi mollitia.');
INSERT INTO `media_types` (`id`, `name`) VALUES (64, 'Voluptate quis quis tempore vel. Earum laborum nulla ratione ea quidem.');
INSERT INTO `media_types` (`id`, `name`) VALUES (43, 'Voluptatem voluptatem quasi praesentium tempore labore. Ea quas consectetur est autem quia. Dolorem ab nam et illum ipsa. Illo natus distinctio illo explicabo quo maxime.');
INSERT INTO `media_types` (`id`, `name`) VALUES (76, 'Voluptates molestiae earum quidem omnis. Molestiae aliquam placeat dolores dolor et. Incidunt quis labore quam ipsa omnis pariatur laborum. Necessitatibus dicta alias excepturi aspernatur ad.');
INSERT INTO `media_types` (`id`, `name`) VALUES (38, 'Voluptatum nemo aut fugiat sapiente autem voluptatem. Eligendi molestiae quasi optio tempora nihil. Quidem itaque sint corporis debitis.');
INSERT INTO `media_types` (`id`, `name`) VALUES (79, 'Voluptatum voluptatem veniam explicabo qui veritatis mollitia nemo. Adipisci est perferendis et reprehenderit ut fugiat. Quae quos sit deserunt harum ut voluptatem et.');


#
# TABLE STRUCTURE FOR: messages
#

DROP TABLE IF EXISTS `messages`;

CREATE TABLE `messages` (
  `id` int(10) unsigned NOT NULL AUTO_INCREMENT,
  `from_user_id` int(10) unsigned NOT NULL,
  `to_user_id` int(10) unsigned NOT NULL,
  `body` text COLLATE utf8_unicode_ci NOT NULL,
  `is_important` tinyint(1) DEFAULT NULL,
  `is_delivered` tinyint(1) DEFAULT NULL,
  `created_at` datetime DEFAULT current_timestamp(),
  PRIMARY KEY (`id`)
) ENGINE=InnoDB AUTO_INCREMENT=101 DEFAULT CHARSET=utf8 COLLATE=utf8_unicode_ci;

INSERT INTO `messages` (`id`, `from_user_id`, `to_user_id`, `body`, `is_important`, `is_delivered`, `created_at`) VALUES (1, 1, 38, 'Aut non dolorem repellendus. Dicta est nemo voluptatem praesentium. Sed est fugit ducimus. Est omnis accusantium reprehenderit sequi id.', 1, 0, '1977-07-21 10:47:31');
INSERT INTO `messages` (`id`, `from_user_id`, `to_user_id`, `body`, `is_important`, `is_delivered`, `created_at`) VALUES (2, 2, 25, 'Quisquam quidem amet expedita eum. Eveniet ullam quod assumenda quod perspiciatis molestiae.', 0, 0, '1972-05-06 16:35:13');
INSERT INTO `messages` (`id`, `from_user_id`, `to_user_id`, `body`, `is_important`, `is_delivered`, `created_at`) VALUES (3, 3, 86, 'Eius molestias accusantium eaque voluptatem impedit facere ipsam. Error amet accusamus illo numquam accusantium illo libero. Modi laudantium odit omnis voluptatibus et nihil. Eligendi blanditiis ut architecto sed quaerat beatae.', 1, 1, '2012-12-23 02:29:24');
INSERT INTO `messages` (`id`, `from_user_id`, `to_user_id`, `body`, `is_important`, `is_delivered`, `created_at`) VALUES (4, 4, 42, 'Et laudantium vero sint voluptatem. Commodi corrupti id labore aut eum esse et. Reprehenderit quidem dolores beatae debitis doloremque earum voluptatibus. At atque in nihil quos inventore neque.', 1, 1, '1990-12-01 02:37:38');
INSERT INTO `messages` (`id`, `from_user_id`, `to_user_id`, `body`, `is_important`, `is_delivered`, `created_at`) VALUES (5, 5, 57, 'Ut provident enim quam sit animi minus incidunt. Occaecati iure quasi et quia quo. Modi quia vitae veritatis et qui nihil. Temporibus repellat aperiam excepturi magnam voluptas maxime earum architecto.', 1, 0, '1989-05-01 03:22:17');
INSERT INTO `messages` (`id`, `from_user_id`, `to_user_id`, `body`, `is_important`, `is_delivered`, `created_at`) VALUES (6, 6, 62, 'Deleniti dolorem quisquam exercitationem ut dolorem ducimus. Dolor sunt eius sapiente. Voluptates suscipit assumenda suscipit aperiam. Et rem autem voluptas deserunt.', 0, 0, '1981-03-27 12:47:14');
INSERT INTO `messages` (`id`, `from_user_id`, `to_user_id`, `body`, `is_important`, `is_delivered`, `created_at`) VALUES (7, 7, 90, 'Autem sunt ut voluptas accusantium aspernatur. Sunt sint dolor sit delectus ipsam nihil. Maiores fugit esse itaque nesciunt sint quidem.', 1, 0, '1994-07-25 00:52:23');
INSERT INTO `messages` (`id`, `from_user_id`, `to_user_id`, `body`, `is_important`, `is_delivered`, `created_at`) VALUES (8, 8, 12, 'Excepturi consequuntur iure rerum. Nemo magnam hic quis ab. Odit harum quia maiores et et illo. Nam quia assumenda eveniet eius beatae rem enim. Tempora necessitatibus veniam consequatur voluptas alias.', 0, 1, '1979-02-19 04:33:34');
INSERT INTO `messages` (`id`, `from_user_id`, `to_user_id`, `body`, `is_important`, `is_delivered`, `created_at`) VALUES (9, 9, 39, 'Omnis quod aperiam omnis magnam. Quam qui totam nobis dicta fugiat quia blanditiis ipsa. Qui vel et voluptatem qui quibusdam quos expedita nam. Cum optio mollitia non consequuntur quo cumque eum.', 0, 1, '1996-10-29 10:45:01');
INSERT INTO `messages` (`id`, `from_user_id`, `to_user_id`, `body`, `is_important`, `is_delivered`, `created_at`) VALUES (10, 10, 82, 'Illum illo dolor consectetur ut sed ipsam est. Nam id vel explicabo et. Voluptatem nostrum et aperiam facere rerum modi amet repellat.', 1, 1, '2000-01-22 12:55:35');
INSERT INTO `messages` (`id`, `from_user_id`, `to_user_id`, `body`, `is_important`, `is_delivered`, `created_at`) VALUES (11, 11, 89, 'Non qui eum voluptatem itaque corrupti. Molestiae beatae magni quia necessitatibus est. In quia distinctio ad voluptatibus repellendus quod.', 0, 1, '1986-02-14 19:23:52');
INSERT INTO `messages` (`id`, `from_user_id`, `to_user_id`, `body`, `is_important`, `is_delivered`, `created_at`) VALUES (12, 12, 83, 'Quia et autem odit neque aut. Soluta placeat assumenda veritatis qui. Et dolor quaerat accusamus itaque aspernatur repellendus expedita sint. Eum aut autem suscipit nihil.', 1, 0, '1978-09-20 05:47:25');
INSERT INTO `messages` (`id`, `from_user_id`, `to_user_id`, `body`, `is_important`, `is_delivered`, `created_at`) VALUES (13, 13, 34, 'Labore laborum neque error illo consequatur. In quod rerum minima deserunt. Porro quis non est mollitia veniam.', 1, 1, '2007-11-25 12:01:52');
INSERT INTO `messages` (`id`, `from_user_id`, `to_user_id`, `body`, `is_important`, `is_delivered`, `created_at`) VALUES (14, 14, 21, 'Vitae voluptatem et enim libero. Voluptas in error est recusandae iure non. Eveniet quis ut accusantium harum. Dolor odit porro doloremque dolorum illum voluptatem autem.', 1, 1, '2008-10-07 11:26:06');
INSERT INTO `messages` (`id`, `from_user_id`, `to_user_id`, `body`, `is_important`, `is_delivered`, `created_at`) VALUES (15, 15, 70, 'Perferendis voluptates autem labore et repellendus vel. Neque beatae illum quam a autem voluptatibus. Delectus cum doloribus est vel.', 0, 1, '1991-01-23 01:50:32');
INSERT INTO `messages` (`id`, `from_user_id`, `to_user_id`, `body`, `is_important`, `is_delivered`, `created_at`) VALUES (16, 16, 47, 'Quam explicabo aliquid sed enim. Odit itaque nobis molestias architecto. Rem sint error temporibus veritatis quo. Omnis deleniti eligendi aliquam est ab.', 1, 1, '1975-06-14 07:55:43');
INSERT INTO `messages` (`id`, `from_user_id`, `to_user_id`, `body`, `is_important`, `is_delivered`, `created_at`) VALUES (17, 17, 76, 'Saepe ut illo in consequatur inventore tempore dicta. Id ut delectus explicabo quis eaque quod placeat.', 1, 1, '1991-05-27 22:21:17');
INSERT INTO `messages` (`id`, `from_user_id`, `to_user_id`, `body`, `is_important`, `is_delivered`, `created_at`) VALUES (18, 18, 80, 'Magnam dolores eum ut ut a voluptatum voluptatum aspernatur. Officia illo veniam eveniet eos. Aliquid autem blanditiis ut et. Velit enim impedit eius porro et.', 1, 1, '1981-10-06 01:08:13');
INSERT INTO `messages` (`id`, `from_user_id`, `to_user_id`, `body`, `is_important`, `is_delivered`, `created_at`) VALUES (19, 19, 24, 'Ipsam sunt et assumenda aut quae illo. Totam enim voluptatibus quisquam beatae cumque. Veritatis dicta sunt sit nemo quis sed error et.', 1, 1, '2008-05-12 20:42:47');
INSERT INTO `messages` (`id`, `from_user_id`, `to_user_id`, `body`, `is_important`, `is_delivered`, `created_at`) VALUES (20, 20, 51, 'Illo quaerat inventore voluptatem rerum sunt aut ut. Et ipsa et id magni esse est dolor. Modi ipsa officiis eaque omnis unde natus. Exercitationem in delectus quia vel.', 0, 0, '1984-02-19 02:37:42');
INSERT INTO `messages` (`id`, `from_user_id`, `to_user_id`, `body`, `is_important`, `is_delivered`, `created_at`) VALUES (21, 21, 75, 'Dolor accusantium voluptatem est ullam et. Omnis officiis est quasi. Qui omnis laboriosam alias atque et. Expedita fugit voluptatem aspernatur unde delectus.', 0, 1, '2019-05-15 19:34:29');
INSERT INTO `messages` (`id`, `from_user_id`, `to_user_id`, `body`, `is_important`, `is_delivered`, `created_at`) VALUES (22, 22, 73, 'Omnis voluptatem deserunt placeat recusandae. Ad necessitatibus esse quia autem et voluptatem similique. Ipsum fugiat voluptate quam libero.', 1, 1, '2018-11-30 10:08:50');
INSERT INTO `messages` (`id`, `from_user_id`, `to_user_id`, `body`, `is_important`, `is_delivered`, `created_at`) VALUES (23, 23, 40, 'Repellendus iusto aliquid pariatur exercitationem. Animi incidunt possimus neque ut a rerum reiciendis qui. Velit officia dolores ut eum. Nostrum non quaerat et sed a consequatur consequuntur.', 1, 0, '2008-10-23 22:56:07');
INSERT INTO `messages` (`id`, `from_user_id`, `to_user_id`, `body`, `is_important`, `is_delivered`, `created_at`) VALUES (24, 24, 26, 'Quod voluptatem iure totam sed ut aut hic. Ipsam nulla inventore veritatis dolor ipsum inventore iusto debitis. Quasi aut recusandae repellendus deserunt expedita. Esse vero neque sunt eligendi dolorum ex fugit ut.', 0, 0, '1976-12-19 20:55:56');
INSERT INTO `messages` (`id`, `from_user_id`, `to_user_id`, `body`, `is_important`, `is_delivered`, `created_at`) VALUES (25, 25, 71, 'Molestiae quae officiis tenetur placeat. Nisi et et et consequuntur. Sed maxime fuga enim sit maiores ipsum.', 0, 1, '2013-04-20 20:22:50');
INSERT INTO `messages` (`id`, `from_user_id`, `to_user_id`, `body`, `is_important`, `is_delivered`, `created_at`) VALUES (26, 26, 58, 'Quo est delectus omnis deleniti quasi fuga. Laborum est qui laborum mollitia officia expedita. Doloribus qui totam asperiores rerum ut quis quae voluptatem. A sequi quam ipsum et sit deleniti.', 1, 1, '1975-03-18 08:46:17');
INSERT INTO `messages` (`id`, `from_user_id`, `to_user_id`, `body`, `is_important`, `is_delivered`, `created_at`) VALUES (27, 27, 23, 'Maiores aut est id sit. Sit quas veritatis culpa et perferendis. Facere odio et pariatur consequatur.', 0, 1, '1975-03-10 22:25:25');
INSERT INTO `messages` (`id`, `from_user_id`, `to_user_id`, `body`, `is_important`, `is_delivered`, `created_at`) VALUES (28, 28, 59, 'Quo voluptatem doloremque est et. Reprehenderit asperiores aut deleniti. At omnis unde commodi sint perferendis aliquid omnis rerum. Ad aut dolorem voluptates illo est cumque dolore.', 0, 1, '2015-08-28 17:34:18');
INSERT INTO `messages` (`id`, `from_user_id`, `to_user_id`, `body`, `is_important`, `is_delivered`, `created_at`) VALUES (29, 29, 2, 'Quisquam sapiente ex reprehenderit ex rerum minus. Omnis ut asperiores sequi voluptatem dignissimos et amet. Nihil eveniet est qui architecto nihil voluptatum.', 1, 0, '1979-10-04 17:44:24');
INSERT INTO `messages` (`id`, `from_user_id`, `to_user_id`, `body`, `is_important`, `is_delivered`, `created_at`) VALUES (30, 30, 85, 'Rerum quo incidunt ipsa voluptatem accusamus. Sequi adipisci pariatur et aut cupiditate est rerum. Amet sint veritatis delectus recusandae aut animi nihil. Velit et dolores quas.', 0, 0, '1992-07-14 21:37:39');
INSERT INTO `messages` (`id`, `from_user_id`, `to_user_id`, `body`, `is_important`, `is_delivered`, `created_at`) VALUES (31, 31, 96, 'Quod dolore perspiciatis deleniti voluptates sequi nihil veritatis. Ex ea voluptatem ipsum qui.', 1, 1, '2008-09-06 14:26:39');
INSERT INTO `messages` (`id`, `from_user_id`, `to_user_id`, `body`, `is_important`, `is_delivered`, `created_at`) VALUES (32, 32, 66, 'Veniam illo harum illum reiciendis. Ipsa et occaecati repellendus quasi quia.', 0, 0, '2015-12-08 12:36:52');
INSERT INTO `messages` (`id`, `from_user_id`, `to_user_id`, `body`, `is_important`, `is_delivered`, `created_at`) VALUES (33, 33, 65, 'Numquam maxime consequuntur fuga ipsam. Hic est adipisci commodi recusandae possimus. Architecto exercitationem qui corrupti eos.', 1, 1, '1979-05-12 12:54:34');
INSERT INTO `messages` (`id`, `from_user_id`, `to_user_id`, `body`, `is_important`, `is_delivered`, `created_at`) VALUES (34, 34, 88, 'Aut non dolores illo reiciendis. Est culpa vel iste ipsam.', 1, 0, '1982-10-01 14:29:34');
INSERT INTO `messages` (`id`, `from_user_id`, `to_user_id`, `body`, `is_important`, `is_delivered`, `created_at`) VALUES (35, 35, 29, 'Debitis velit qui voluptatum ullam. Et unde voluptate nam. Distinctio quis natus nihil non est.', 1, 0, '2014-10-26 00:29:46');
INSERT INTO `messages` (`id`, `from_user_id`, `to_user_id`, `body`, `is_important`, `is_delivered`, `created_at`) VALUES (36, 36, 6, 'Nostrum quo quae ea. Iste officia blanditiis aut tenetur eligendi occaecati. Quo molestiae amet officia voluptatem earum. Earum quidem nisi et aut aut. Provident eveniet pariatur aperiam eveniet dolor delectus.', 1, 0, '1970-03-13 20:11:29');
INSERT INTO `messages` (`id`, `from_user_id`, `to_user_id`, `body`, `is_important`, `is_delivered`, `created_at`) VALUES (37, 37, 28, 'Quibusdam provident vitae ullam minima eaque quaerat. Et excepturi in error expedita rem necessitatibus ex voluptatem. Ut officia nam rerum. Ex est quidem sit et praesentium et.', 0, 1, '1974-03-10 05:32:50');
INSERT INTO `messages` (`id`, `from_user_id`, `to_user_id`, `body`, `is_important`, `is_delivered`, `created_at`) VALUES (38, 38, 49, 'Sit dolor omnis beatae. Esse ullam amet qui voluptatibus eum. Aliquid deserunt aut alias voluptate corrupti. Aut et qui veniam et velit aut perferendis.', 0, 1, '1975-02-28 23:03:31');
INSERT INTO `messages` (`id`, `from_user_id`, `to_user_id`, `body`, `is_important`, `is_delivered`, `created_at`) VALUES (39, 39, 97, 'Voluptatem ea ipsam ullam veritatis totam eveniet officia. Voluptates nostrum est eligendi assumenda laudantium quibusdam a.', 1, 1, '2019-05-10 10:31:15');
INSERT INTO `messages` (`id`, `from_user_id`, `to_user_id`, `body`, `is_important`, `is_delivered`, `created_at`) VALUES (40, 40, 60, 'Est officia aut minima omnis. Voluptatibus ad dolor sit. Facere non accusantium et vel nisi non nesciunt reprehenderit.', 1, 0, '1998-03-20 23:25:03');
INSERT INTO `messages` (`id`, `from_user_id`, `to_user_id`, `body`, `is_important`, `is_delivered`, `created_at`) VALUES (41, 41, 93, 'Et labore in eum quae iusto. Laborum iusto nam recusandae qui voluptatem et. Quasi aperiam est est assumenda. Et unde illum ut harum necessitatibus expedita. Quas sunt reprehenderit ipsum tenetur.', 1, 1, '1989-03-03 03:36:51');
INSERT INTO `messages` (`id`, `from_user_id`, `to_user_id`, `body`, `is_important`, `is_delivered`, `created_at`) VALUES (42, 42, 36, 'Illo et et omnis amet ab. Unde qui eligendi adipisci corrupti quibusdam quidem amet. Quo labore quisquam voluptates tempore facilis sunt laudantium. Aut a ratione unde eligendi.', 1, 0, '1984-06-14 17:21:17');
INSERT INTO `messages` (`id`, `from_user_id`, `to_user_id`, `body`, `is_important`, `is_delivered`, `created_at`) VALUES (43, 43, 3, 'Nulla et molestias culpa ea consectetur beatae aperiam. Quod ea est pariatur aperiam assumenda voluptatibus rerum. Sapiente eligendi aut sint et.', 0, 0, '1998-01-09 18:48:11');
INSERT INTO `messages` (`id`, `from_user_id`, `to_user_id`, `body`, `is_important`, `is_delivered`, `created_at`) VALUES (44, 44, 11, 'Excepturi vel qui ducimus quia dolor assumenda voluptas. Placeat aspernatur in quibusdam sint. Et saepe qui et possimus unde vel consequuntur.', 0, 0, '1992-08-29 09:28:02');
INSERT INTO `messages` (`id`, `from_user_id`, `to_user_id`, `body`, `is_important`, `is_delivered`, `created_at`) VALUES (45, 45, 14, 'Numquam inventore inventore asperiores ratione. Et tenetur corporis id sed rerum. Incidunt aut a distinctio aut id alias et qui. Cumque error reprehenderit possimus enim beatae.', 0, 1, '1994-04-13 17:52:13');
INSERT INTO `messages` (`id`, `from_user_id`, `to_user_id`, `body`, `is_important`, `is_delivered`, `created_at`) VALUES (46, 46, 16, 'Aliquid neque esse nostrum natus sunt corrupti. Ratione aut et quia libero vel.', 0, 0, '1972-02-25 23:27:59');
INSERT INTO `messages` (`id`, `from_user_id`, `to_user_id`, `body`, `is_important`, `is_delivered`, `created_at`) VALUES (47, 47, 99, 'Voluptas est natus tempora iure dolorem ad nam modi. Eum expedita veritatis sed dolorem blanditiis minus. Quaerat atque sed suscipit voluptates et. Qui cupiditate expedita in aut libero.', 0, 1, '1996-11-23 08:44:22');
INSERT INTO `messages` (`id`, `from_user_id`, `to_user_id`, `body`, `is_important`, `is_delivered`, `created_at`) VALUES (48, 48, 92, 'Culpa consequatur iste natus eos. Quae non recusandae atque provident eum odit. Aut illum temporibus suscipit sit et asperiores in impedit. Eum consectetur non quam dolores architecto assumenda facere et.', 0, 0, '1983-09-03 18:41:17');
INSERT INTO `messages` (`id`, `from_user_id`, `to_user_id`, `body`, `is_important`, `is_delivered`, `created_at`) VALUES (49, 49, 41, 'Quia aperiam eius earum et non. Iste dolores quas et et aut harum. Accusamus esse iure quis ut quo non modi quia. Omnis vel ut aut sit repudiandae.', 1, 0, '2011-12-14 09:23:20');
INSERT INTO `messages` (`id`, `from_user_id`, `to_user_id`, `body`, `is_important`, `is_delivered`, `created_at`) VALUES (50, 50, 53, 'Ut amet repellat et nisi. Ipsam cupiditate id optio numquam omnis. Harum omnis quo nesciunt non et earum.', 1, 1, '1989-07-13 05:42:23');
INSERT INTO `messages` (`id`, `from_user_id`, `to_user_id`, `body`, `is_important`, `is_delivered`, `created_at`) VALUES (51, 51, 15, 'Atque molestiae unde occaecati laudantium ipsum. Est atque voluptates voluptatem consequuntur. Totam eos fugit commodi fugit. Beatae dolores quia animi quibusdam molestias velit occaecati aut.', 1, 1, '1981-08-22 21:48:04');
INSERT INTO `messages` (`id`, `from_user_id`, `to_user_id`, `body`, `is_important`, `is_delivered`, `created_at`) VALUES (52, 52, 13, 'Voluptate alias architecto recusandae ea neque id. Ex cum et modi temporibus. Corporis fuga adipisci tempora aperiam consequatur nam.', 1, 0, '2004-03-30 12:12:27');
INSERT INTO `messages` (`id`, `from_user_id`, `to_user_id`, `body`, `is_important`, `is_delivered`, `created_at`) VALUES (53, 53, 54, 'Accusamus ullam aliquid et qui ipsum. Odit assumenda ut repellendus quia sed. Aut est reiciendis ducimus perferendis.', 0, 0, '1993-09-18 03:16:21');
INSERT INTO `messages` (`id`, `from_user_id`, `to_user_id`, `body`, `is_important`, `is_delivered`, `created_at`) VALUES (54, 54, 63, 'Nostrum et beatae ducimus deleniti dicta amet nihil. Asperiores explicabo sit assumenda voluptates at. Autem vero nam fuga sapiente harum reprehenderit.', 0, 1, '1970-12-08 11:49:39');
INSERT INTO `messages` (`id`, `from_user_id`, `to_user_id`, `body`, `is_important`, `is_delivered`, `created_at`) VALUES (55, 55, 44, 'Rerum quo magnam molestiae magni et. Esse et aut molestiae. Sit aliquid ut officiis.', 0, 1, '2015-05-01 02:17:04');
INSERT INTO `messages` (`id`, `from_user_id`, `to_user_id`, `body`, `is_important`, `is_delivered`, `created_at`) VALUES (56, 56, 30, 'Voluptas quia fugit consequatur consequuntur. Voluptate possimus sint dolore amet. Perferendis esse laudantium odio sunt ut saepe laudantium. Corrupti ipsam qui rerum ea tenetur iste.', 1, 0, '1972-01-24 16:36:09');
INSERT INTO `messages` (`id`, `from_user_id`, `to_user_id`, `body`, `is_important`, `is_delivered`, `created_at`) VALUES (57, 57, 32, 'Dicta assumenda vitae tempora eum et. Rem et possimus et voluptates nemo quo expedita. Unde dolores qui et eum error aperiam animi.', 1, 1, '1984-11-28 14:34:23');
INSERT INTO `messages` (`id`, `from_user_id`, `to_user_id`, `body`, `is_important`, `is_delivered`, `created_at`) VALUES (58, 58, 100, 'Dolor ab optio qui optio praesentium sequi. Veniam expedita consectetur occaecati beatae est. Impedit et sint aut amet quasi inventore distinctio.', 0, 1, '2000-01-11 08:55:07');
INSERT INTO `messages` (`id`, `from_user_id`, `to_user_id`, `body`, `is_important`, `is_delivered`, `created_at`) VALUES (59, 59, 1, 'Quo quia expedita illum molestiae. Quasi non dolorum est et aut. Autem praesentium necessitatibus voluptatem rem enim eaque.', 1, 0, '1992-09-05 12:25:52');
INSERT INTO `messages` (`id`, `from_user_id`, `to_user_id`, `body`, `is_important`, `is_delivered`, `created_at`) VALUES (60, 60, 98, 'Suscipit quae laudantium aliquid et. Veritatis placeat et reiciendis beatae. Exercitationem reprehenderit ut temporibus tenetur enim. Perspiciatis est quis non molestiae est et occaecati voluptates.', 1, 1, '2010-08-25 02:29:33');
INSERT INTO `messages` (`id`, `from_user_id`, `to_user_id`, `body`, `is_important`, `is_delivered`, `created_at`) VALUES (61, 61, 46, 'Sed veniam quod quod nostrum aut reiciendis. Sit occaecati et nobis quibusdam cupiditate consequatur. Sed vel voluptas voluptas minus rerum libero.', 1, 0, '2017-07-09 07:04:41');
INSERT INTO `messages` (`id`, `from_user_id`, `to_user_id`, `body`, `is_important`, `is_delivered`, `created_at`) VALUES (62, 62, 19, 'Eum sit cum facere voluptatem at. Sunt reprehenderit sed ut aut corporis illo facere. Non quis quia dolor. Unde iusto sunt aut veritatis consequuntur provident illum.', 0, 0, '2016-11-30 01:44:29');
INSERT INTO `messages` (`id`, `from_user_id`, `to_user_id`, `body`, `is_important`, `is_delivered`, `created_at`) VALUES (63, 63, 27, 'Voluptate reiciendis ea nobis est. Reprehenderit officiis ipsa dolores. Sapiente qui aut delectus fuga et. Aut doloribus in quia unde.', 1, 1, '1983-02-10 16:48:26');
INSERT INTO `messages` (`id`, `from_user_id`, `to_user_id`, `body`, `is_important`, `is_delivered`, `created_at`) VALUES (64, 64, 35, 'Rerum nostrum nobis repudiandae ducimus accusamus a. Reprehenderit et harum sit et dolore excepturi officiis quo. Tenetur corporis ut voluptatem perspiciatis quis. Accusamus cupiditate ducimus non autem.', 0, 0, '1978-02-14 03:24:00');
INSERT INTO `messages` (`id`, `from_user_id`, `to_user_id`, `body`, `is_important`, `is_delivered`, `created_at`) VALUES (65, 65, 31, 'Tempore pariatur veniam error voluptas reiciendis minus. Et et itaque in molestiae. Placeat eos quidem voluptatibus tempora recusandae dolor. Accusantium eius magnam et ipsa. Doloremque aliquam inventore libero.', 0, 1, '2008-02-18 05:24:29');
INSERT INTO `messages` (`id`, `from_user_id`, `to_user_id`, `body`, `is_important`, `is_delivered`, `created_at`) VALUES (66, 66, 43, 'Officiis nulla eum ipsam accusantium est architecto. Pariatur et sint unde. Iste aliquid dicta quo ut quos. Nihil hic ipsa laborum velit corporis est. Nihil eaque quia dolorum amet quia omnis.', 1, 0, '1972-12-02 09:27:05');
INSERT INTO `messages` (`id`, `from_user_id`, `to_user_id`, `body`, `is_important`, `is_delivered`, `created_at`) VALUES (67, 67, 64, 'Quam laudantium amet quia fugit nihil non debitis. Sit omnis maxime accusantium enim ducimus sit ea nihil. Delectus ducimus aut dolorem mollitia fugiat et.', 0, 0, '1983-09-04 02:19:26');
INSERT INTO `messages` (`id`, `from_user_id`, `to_user_id`, `body`, `is_important`, `is_delivered`, `created_at`) VALUES (68, 68, 67, 'Voluptas et suscipit nihil voluptates enim. Et in sit maxime minus ut est enim. Illo dolores ab voluptas voluptas possimus et. Ut quos omnis voluptas debitis qui sunt magni.', 1, 0, '2003-04-21 16:26:56');
INSERT INTO `messages` (`id`, `from_user_id`, `to_user_id`, `body`, `is_important`, `is_delivered`, `created_at`) VALUES (69, 69, 50, 'Natus deleniti labore non ratione. Facere ipsa amet quasi minus hic est. Delectus explicabo eum aut. Deserunt consequatur pariatur aut aut quasi.', 0, 0, '2006-03-24 21:56:20');
INSERT INTO `messages` (`id`, `from_user_id`, `to_user_id`, `body`, `is_important`, `is_delivered`, `created_at`) VALUES (70, 70, 33, 'Ipsum quis odio aut. Pariatur quia sed dolore eaque. Ut voluptatem ut omnis in a est aut. Id eum placeat nesciunt.', 0, 0, '1991-03-24 22:54:16');
INSERT INTO `messages` (`id`, `from_user_id`, `to_user_id`, `body`, `is_important`, `is_delivered`, `created_at`) VALUES (71, 71, 45, 'In et eveniet eligendi est id. Et cumque tempora quis voluptatem ex. Sed possimus ratione error qui velit. Quo perferendis sit tempore consectetur saepe.', 0, 1, '1974-11-18 03:42:04');
INSERT INTO `messages` (`id`, `from_user_id`, `to_user_id`, `body`, `is_important`, `is_delivered`, `created_at`) VALUES (72, 72, 8, 'Qui maiores in perferendis et voluptatem voluptatem ut. Deserunt aut expedita repellendus ut aut fugit velit asperiores. Nobis voluptate assumenda suscipit et mollitia.', 1, 0, '1989-03-26 15:14:13');
INSERT INTO `messages` (`id`, `from_user_id`, `to_user_id`, `body`, `is_important`, `is_delivered`, `created_at`) VALUES (73, 73, 5, 'Ut neque ad provident dolor. Tenetur ad soluta necessitatibus autem. Eum veniam accusamus enim quibusdam aliquid quo.', 0, 0, '2016-07-23 16:58:18');
INSERT INTO `messages` (`id`, `from_user_id`, `to_user_id`, `body`, `is_important`, `is_delivered`, `created_at`) VALUES (74, 74, 91, 'Et reiciendis sit eveniet molestiae quia velit. Perferendis quis nemo accusantium et. Fugiat sit incidunt dolor libero sed. Consequuntur et est totam est a voluptas minima.', 0, 1, '1972-05-27 06:34:49');
INSERT INTO `messages` (`id`, `from_user_id`, `to_user_id`, `body`, `is_important`, `is_delivered`, `created_at`) VALUES (75, 75, 20, 'Provident praesentium sunt voluptatibus rerum ut qui consequatur. Qui rem eaque beatae vel enim.', 1, 1, '1982-03-28 03:53:08');
INSERT INTO `messages` (`id`, `from_user_id`, `to_user_id`, `body`, `is_important`, `is_delivered`, `created_at`) VALUES (76, 76, 22, 'Necessitatibus placeat impedit necessitatibus quas mollitia rerum. Quasi quos eum beatae distinctio repellendus provident ut qui.', 1, 1, '2019-10-31 05:01:41');
INSERT INTO `messages` (`id`, `from_user_id`, `to_user_id`, `body`, `is_important`, `is_delivered`, `created_at`) VALUES (77, 77, 17, 'Aut dolor dolores dolores vel recusandae. Qui repellendus recusandae possimus. Voluptas et temporibus reiciendis animi sit et.', 1, 1, '2008-03-28 15:47:21');
INSERT INTO `messages` (`id`, `from_user_id`, `to_user_id`, `body`, `is_important`, `is_delivered`, `created_at`) VALUES (78, 78, 72, 'Quisquam vero eos similique molestias sapiente sunt. Laboriosam sed architecto iusto quisquam quasi voluptate. Nihil est distinctio a et magnam. Beatae repellat eos occaecati.', 0, 1, '1979-04-05 14:58:01');
INSERT INTO `messages` (`id`, `from_user_id`, `to_user_id`, `body`, `is_important`, `is_delivered`, `created_at`) VALUES (79, 79, 52, 'Sit illum expedita ex cum perferendis. Aliquid at doloremque nemo. Voluptatem tempore rerum quibusdam harum sed cumque sed. Nisi qui et veritatis ducimus. Esse itaque blanditiis fugit consequatur totam dolorum.', 1, 0, '2004-12-03 02:54:24');
INSERT INTO `messages` (`id`, `from_user_id`, `to_user_id`, `body`, `is_important`, `is_delivered`, `created_at`) VALUES (80, 80, 77, 'Atque dicta nesciunt laborum fuga. Sint recusandae itaque porro quo tenetur est. Vitae delectus aut consequatur vero eveniet et aut. Dignissimos nulla voluptatum debitis inventore cum maxime.', 1, 1, '2015-04-29 02:07:05');
INSERT INTO `messages` (`id`, `from_user_id`, `to_user_id`, `body`, `is_important`, `is_delivered`, `created_at`) VALUES (81, 81, 74, 'Veniam quibusdam nihil velit id sit cum et. Assumenda iste sed expedita delectus nesciunt dolor impedit. Molestiae enim fuga maiores tenetur veritatis cum. Illo ratione nemo eveniet et ut maiores.', 1, 0, '1985-02-27 14:00:14');
INSERT INTO `messages` (`id`, `from_user_id`, `to_user_id`, `body`, `is_important`, `is_delivered`, `created_at`) VALUES (82, 82, 68, 'Sequi aut quidem voluptatum aspernatur velit sit. Iste nisi delectus non occaecati et neque vitae. Debitis vel voluptate sequi sed. Eum harum corrupti maiores et numquam.', 0, 0, '1988-08-18 00:04:00');
INSERT INTO `messages` (`id`, `from_user_id`, `to_user_id`, `body`, `is_important`, `is_delivered`, `created_at`) VALUES (83, 83, 18, 'Sequi corrupti vel qui autem quo non sequi. Sit blanditiis praesentium perferendis at voluptatem ipsum tempore aliquid. A illo animi tempora labore.', 1, 1, '2014-03-30 23:54:05');
INSERT INTO `messages` (`id`, `from_user_id`, `to_user_id`, `body`, `is_important`, `is_delivered`, `created_at`) VALUES (84, 84, 95, 'Quisquam iste rerum quidem ipsum non saepe qui. Repudiandae aut praesentium perferendis illum omnis minima. Odit suscipit ipsum et amet dicta quod. Minima nihil voluptate ipsum.', 1, 0, '1984-08-12 16:01:48');
INSERT INTO `messages` (`id`, `from_user_id`, `to_user_id`, `body`, `is_important`, `is_delivered`, `created_at`) VALUES (85, 85, 55, 'Expedita quae consequatur quia. Natus pariatur quam dolor vero cumque. Ducimus et et ut facilis laboriosam est doloribus.', 1, 1, '1978-04-19 21:43:16');
INSERT INTO `messages` (`id`, `from_user_id`, `to_user_id`, `body`, `is_important`, `is_delivered`, `created_at`) VALUES (86, 86, 69, 'At cum labore impedit doloremque excepturi. Molestiae et vel quidem aliquid dolores qui ex dolorem. Nulla sit dolorum quia earum sed quae.', 1, 0, '1996-04-11 05:32:49');
INSERT INTO `messages` (`id`, `from_user_id`, `to_user_id`, `body`, `is_important`, `is_delivered`, `created_at`) VALUES (87, 87, 48, 'Error ut ratione ducimus deleniti. Quaerat sunt blanditiis in qui nihil omnis exercitationem. Modi dolorem vel et corrupti vel. Expedita recusandae dolor dolorem.', 1, 1, '2018-05-16 19:52:13');
INSERT INTO `messages` (`id`, `from_user_id`, `to_user_id`, `body`, `is_important`, `is_delivered`, `created_at`) VALUES (88, 88, 10, 'Adipisci modi minima earum tempora voluptas tempora voluptatum. Ea adipisci dolores modi numquam vero dolorem inventore. Hic tempora dolor at. Incidunt vero eius qui alias dignissimos doloremque nemo.', 1, 0, '1989-11-15 23:07:29');
INSERT INTO `messages` (`id`, `from_user_id`, `to_user_id`, `body`, `is_important`, `is_delivered`, `created_at`) VALUES (89, 89, 37, 'Quis distinctio quasi amet hic. Aliquam voluptates blanditiis at ab quod nobis dolor. Accusantium qui assumenda laudantium dicta.', 0, 0, '1987-08-05 16:33:30');
INSERT INTO `messages` (`id`, `from_user_id`, `to_user_id`, `body`, `is_important`, `is_delivered`, `created_at`) VALUES (90, 90, 7, 'Est in quos nihil iste sed. Eligendi quia impedit qui nobis impedit vel. Alias quod repellendus quia voluptatum.', 0, 1, '2011-07-25 23:33:46');
INSERT INTO `messages` (`id`, `from_user_id`, `to_user_id`, `body`, `is_important`, `is_delivered`, `created_at`) VALUES (91, 91, 79, 'Deleniti molestiae excepturi et adipisci et corporis. Non ex quia sed maiores omnis neque ut corrupti. Fugiat minus unde laboriosam ea aliquid dolor.', 1, 0, '1984-08-23 13:27:38');
INSERT INTO `messages` (`id`, `from_user_id`, `to_user_id`, `body`, `is_important`, `is_delivered`, `created_at`) VALUES (92, 92, 84, 'Quaerat sunt voluptas dignissimos molestiae aperiam repellendus. Ducimus quia qui dolorem asperiores laboriosam. Tempora magnam et unde aspernatur nam aut placeat.', 0, 0, '2016-01-24 19:04:53');
INSERT INTO `messages` (`id`, `from_user_id`, `to_user_id`, `body`, `is_important`, `is_delivered`, `created_at`) VALUES (93, 93, 56, 'Repudiandae ducimus voluptatem illum et vitae aut. Provident tempora aperiam voluptatum itaque distinctio. Libero molestiae est vel aut hic possimus cumque. Aliquam placeat adipisci vitae vero in.', 1, 0, '1984-07-25 20:51:48');
INSERT INTO `messages` (`id`, `from_user_id`, `to_user_id`, `body`, `is_important`, `is_delivered`, `created_at`) VALUES (94, 94, 9, 'Tenetur dicta aspernatur tenetur voluptatem soluta. Occaecati eveniet exercitationem ut iure neque quisquam quia. Ut provident qui quasi id occaecati sed. Consequatur architecto harum blanditiis delectus.', 0, 1, '1991-04-08 16:48:58');
INSERT INTO `messages` (`id`, `from_user_id`, `to_user_id`, `body`, `is_important`, `is_delivered`, `created_at`) VALUES (95, 95, 4, 'Fugit dolorum explicabo velit nesciunt repellat. Natus delectus hic quidem mollitia quis magnam qui. Consequatur nulla blanditiis expedita ut cupiditate voluptatum.', 1, 1, '2019-06-19 11:29:49');
INSERT INTO `messages` (`id`, `from_user_id`, `to_user_id`, `body`, `is_important`, `is_delivered`, `created_at`) VALUES (96, 96, 61, 'Et vel officiis qui quia. Dolores eum illum iusto. Possimus dolorem commodi aut sunt unde soluta non. Sit voluptatem eligendi possimus ex alias.', 1, 1, '2013-04-06 21:30:49');
INSERT INTO `messages` (`id`, `from_user_id`, `to_user_id`, `body`, `is_important`, `is_delivered`, `created_at`) VALUES (97, 97, 94, 'Placeat libero provident rerum ipsum earum dolorem. Id et ad accusamus quas quaerat laborum. Sequi non ea molestiae omnis quia veniam. Ullam nostrum provident porro aut.', 1, 0, '1972-04-30 00:53:32');
INSERT INTO `messages` (`id`, `from_user_id`, `to_user_id`, `body`, `is_important`, `is_delivered`, `created_at`) VALUES (98, 98, 78, 'Quidem voluptas nam est ipsam. Autem veniam placeat vitae quos adipisci commodi voluptatum. Explicabo commodi aut totam dicta et magni atque.', 1, 0, '2017-12-13 20:24:09');
INSERT INTO `messages` (`id`, `from_user_id`, `to_user_id`, `body`, `is_important`, `is_delivered`, `created_at`) VALUES (99, 99, 81, 'Provident tenetur enim fugiat laborum eos aperiam. Expedita omnis beatae cum explicabo. Ipsum accusamus voluptas incidunt ipsam veritatis doloremque officiis.', 0, 1, '1991-11-10 03:33:37');
INSERT INTO `messages` (`id`, `from_user_id`, `to_user_id`, `body`, `is_important`, `is_delivered`, `created_at`) VALUES (100, 100, 87, 'Quis ut delectus officia rem placeat fugit. Voluptas atque ratione optio ut iure esse. Adipisci repellat qui et quas sed fugit velit. Molestias voluptatem aliquam voluptate et qui id.', 0, 0, '2013-08-18 13:26:28');


#
# TABLE STRUCTURE FOR: profiles
#

DROP TABLE IF EXISTS `profiles`;

CREATE TABLE `profiles` (
  `birthdate` date DEFAULT NULL,
  `sex` char(1) COLLATE utf8_unicode_ci NOT NULL,
  `hometown` varchar(100) COLLATE utf8_unicode_ci DEFAULT NULL,
  `photo_id` int(10) unsigned DEFAULT NULL,
  `created_at` datetime DEFAULT current_timestamp(),
  `updated_at` datetime DEFAULT current_timestamp() ON UPDATE current_timestamp()
) ENGINE=InnoDB DEFAULT CHARSET=utf8 COLLATE=utf8_unicode_ci;

INSERT INTO `profiles` (`birthdate`, `sex`, `hometown`, `photo_id`, `created_at`, `updated_at`) VALUES ('1975-02-17', 'm', 'Cameronview', 53, '2018-04-10 17:07:03', '1976-08-26 15:53:08');
INSERT INTO `profiles` (`birthdate`, `sex`, `hometown`, `photo_id`, `created_at`, `updated_at`) VALUES ('1979-05-28', 'f', 'Wiegandmouth', 49, '1978-12-29 17:57:51', '2014-10-02 05:30:06');
INSERT INTO `profiles` (`birthdate`, `sex`, `hometown`, `photo_id`, `created_at`, `updated_at`) VALUES ('2001-11-11', 'm', 'New Berniecemouth', 19, '2019-04-05 03:42:58', '2003-07-28 05:24:53');
INSERT INTO `profiles` (`birthdate`, `sex`, `hometown`, `photo_id`, `created_at`, `updated_at`) VALUES ('1998-06-11', 'f', 'Cleveville', 39, '1987-09-30 20:16:12', '2015-08-20 08:48:14');
INSERT INTO `profiles` (`birthdate`, `sex`, `hometown`, `photo_id`, `created_at`, `updated_at`) VALUES ('1975-12-13', 'f', 'East Malcolm', 72, '1975-05-18 09:59:20', '2008-06-29 00:32:12');
INSERT INTO `profiles` (`birthdate`, `sex`, `hometown`, `photo_id`, `created_at`, `updated_at`) VALUES ('2011-01-21', 'f', 'Willytown', 88, '2012-06-08 02:35:17', '1975-09-06 05:08:07');
INSERT INTO `profiles` (`birthdate`, `sex`, `hometown`, `photo_id`, `created_at`, `updated_at`) VALUES ('1976-01-04', 'm', 'New Franciscastad', 6, '1989-11-18 11:16:45', '1983-04-07 10:21:52');
INSERT INTO `profiles` (`birthdate`, `sex`, `hometown`, `photo_id`, `created_at`, `updated_at`) VALUES ('1971-08-11', 'm', 'East Dewitt', 63, '1977-01-31 05:05:17', '1991-06-25 18:50:33');
INSERT INTO `profiles` (`birthdate`, `sex`, `hometown`, `photo_id`, `created_at`, `updated_at`) VALUES ('1982-09-03', 'f', 'North Mikel', 10, '2007-02-26 11:13:25', '1996-11-03 06:54:00');
INSERT INTO `profiles` (`birthdate`, `sex`, `hometown`, `photo_id`, `created_at`, `updated_at`) VALUES ('2006-05-28', 'm', 'Leannonbury', 75, '1977-04-23 21:38:01', '1982-09-03 07:57:12');
INSERT INTO `profiles` (`birthdate`, `sex`, `hometown`, `photo_id`, `created_at`, `updated_at`) VALUES ('1990-07-06', 'f', 'Aylaport', 48, '2004-05-27 01:59:20', '1990-04-10 02:53:04');
INSERT INTO `profiles` (`birthdate`, `sex`, `hometown`, `photo_id`, `created_at`, `updated_at`) VALUES ('2019-11-22', 'f', 'West Ethan', 47, '1984-11-01 05:55:10', '1994-03-28 12:57:21');
INSERT INTO `profiles` (`birthdate`, `sex`, `hometown`, `photo_id`, `created_at`, `updated_at`) VALUES ('1979-02-27', 'f', 'Hegmannton', 32, '2005-01-25 22:39:03', '2019-06-02 04:07:02');
INSERT INTO `profiles` (`birthdate`, `sex`, `hometown`, `photo_id`, `created_at`, `updated_at`) VALUES ('2012-03-14', 'm', 'Rickville', 7, '1989-08-03 18:59:21', '1996-02-16 03:29:25');
INSERT INTO `profiles` (`birthdate`, `sex`, `hometown`, `photo_id`, `created_at`, `updated_at`) VALUES ('2006-11-20', 'm', 'Trishastad', 21, '2017-04-13 08:06:38', '1991-07-21 15:19:24');
INSERT INTO `profiles` (`birthdate`, `sex`, `hometown`, `photo_id`, `created_at`, `updated_at`) VALUES ('1985-11-13', 'm', 'Elzatown', 16, '1975-01-10 22:36:00', '2005-12-20 11:56:02');
INSERT INTO `profiles` (`birthdate`, `sex`, `hometown`, `photo_id`, `created_at`, `updated_at`) VALUES ('2013-07-18', 'f', 'North Phyllis', 57, '2008-06-14 14:41:54', '2015-08-04 13:03:16');
INSERT INTO `profiles` (`birthdate`, `sex`, `hometown`, `photo_id`, `created_at`, `updated_at`) VALUES ('2004-05-10', 'm', 'McClurebury', 43, '1999-10-18 03:22:46', '2006-12-21 13:47:59');
INSERT INTO `profiles` (`birthdate`, `sex`, `hometown`, `photo_id`, `created_at`, `updated_at`) VALUES ('2011-02-13', 'm', 'North Jesus', 65, '2002-01-29 07:11:36', '1988-06-21 09:27:45');
INSERT INTO `profiles` (`birthdate`, `sex`, `hometown`, `photo_id`, `created_at`, `updated_at`) VALUES ('1995-03-08', 'f', 'Dachhaven', 28, '1975-04-30 15:05:39', '1972-04-01 10:45:44');
INSERT INTO `profiles` (`birthdate`, `sex`, `hometown`, `photo_id`, `created_at`, `updated_at`) VALUES ('1975-03-06', 'f', 'Port Linniemouth', 98, '2012-05-26 00:46:03', '2012-03-09 04:45:32');
INSERT INTO `profiles` (`birthdate`, `sex`, `hometown`, `photo_id`, `created_at`, `updated_at`) VALUES ('2006-06-12', 'm', 'Omaritown', 25, '2008-09-29 02:19:52', '1991-09-11 10:40:54');
INSERT INTO `profiles` (`birthdate`, `sex`, `hometown`, `photo_id`, `created_at`, `updated_at`) VALUES ('2014-09-14', 'm', 'Bartholometon', 95, '1993-11-07 17:54:46', '2018-09-22 08:50:52');
INSERT INTO `profiles` (`birthdate`, `sex`, `hometown`, `photo_id`, `created_at`, `updated_at`) VALUES ('1975-11-04', 'm', 'Delaneyhaven', 37, '2012-09-27 21:38:20', '1972-04-24 03:11:15');
INSERT INTO `profiles` (`birthdate`, `sex`, `hometown`, `photo_id`, `created_at`, `updated_at`) VALUES ('2005-01-07', 'f', 'Port Jordane', 100, '2019-08-17 16:21:31', '1980-12-24 13:27:06');
INSERT INTO `profiles` (`birthdate`, `sex`, `hometown`, `photo_id`, `created_at`, `updated_at`) VALUES ('2012-11-11', 'f', 'New Helmermouth', 45, '1997-12-11 07:10:23', '2011-11-12 05:13:51');
INSERT INTO `profiles` (`birthdate`, `sex`, `hometown`, `photo_id`, `created_at`, `updated_at`) VALUES ('1983-08-11', 'f', 'Maeganborough', 9, '2004-10-02 16:43:22', '1982-09-04 10:06:32');
INSERT INTO `profiles` (`birthdate`, `sex`, `hometown`, `photo_id`, `created_at`, `updated_at`) VALUES ('2011-12-08', 'm', 'Stoltenbergview', 97, '1981-06-01 15:55:02', '2015-02-07 22:25:30');
INSERT INTO `profiles` (`birthdate`, `sex`, `hometown`, `photo_id`, `created_at`, `updated_at`) VALUES ('1983-03-28', 'f', 'Stoltenbergport', 41, '2019-03-25 22:23:51', '1989-06-01 02:55:37');
INSERT INTO `profiles` (`birthdate`, `sex`, `hometown`, `photo_id`, `created_at`, `updated_at`) VALUES ('1999-05-28', 'f', 'New Nonachester', 71, '2014-01-08 11:44:59', '2014-03-14 23:42:11');
INSERT INTO `profiles` (`birthdate`, `sex`, `hometown`, `photo_id`, `created_at`, `updated_at`) VALUES ('2017-10-24', 'm', 'Kentonview', 93, '2019-06-16 01:23:30', '2001-09-16 14:13:07');
INSERT INTO `profiles` (`birthdate`, `sex`, `hometown`, `photo_id`, `created_at`, `updated_at`) VALUES ('1998-12-26', 'm', 'North Easterview', 22, '1991-03-27 15:20:07', '1979-06-23 22:12:44');
INSERT INTO `profiles` (`birthdate`, `sex`, `hometown`, `photo_id`, `created_at`, `updated_at`) VALUES ('1991-05-04', 'f', 'Diegoshire', 5, '1976-10-15 18:15:27', '2016-04-05 09:59:37');
INSERT INTO `profiles` (`birthdate`, `sex`, `hometown`, `photo_id`, `created_at`, `updated_at`) VALUES ('2005-12-15', 'f', 'Port Maximilian', 1, '2016-07-25 16:58:28', '1986-10-16 19:41:20');
INSERT INTO `profiles` (`birthdate`, `sex`, `hometown`, `photo_id`, `created_at`, `updated_at`) VALUES ('2016-08-28', 'm', 'South Travistown', 17, '1991-12-29 12:13:05', '1973-11-27 20:20:07');
INSERT INTO `profiles` (`birthdate`, `sex`, `hometown`, `photo_id`, `created_at`, `updated_at`) VALUES ('1975-12-14', 'f', 'West Tressietown', 89, '1999-09-02 19:52:54', '2019-07-12 18:01:48');
INSERT INTO `profiles` (`birthdate`, `sex`, `hometown`, `photo_id`, `created_at`, `updated_at`) VALUES ('2017-09-24', 'm', 'East Olga', 73, '1987-01-21 10:18:49', '1979-10-11 07:17:24');
INSERT INTO `profiles` (`birthdate`, `sex`, `hometown`, `photo_id`, `created_at`, `updated_at`) VALUES ('2007-03-21', 'm', 'Soniafort', 11, '2001-06-08 20:08:18', '1992-02-17 22:32:41');
INSERT INTO `profiles` (`birthdate`, `sex`, `hometown`, `photo_id`, `created_at`, `updated_at`) VALUES ('1973-07-13', 'f', 'Hahnchester', 14, '2009-08-19 21:20:37', '1978-07-19 23:31:14');
INSERT INTO `profiles` (`birthdate`, `sex`, `hometown`, `photo_id`, `created_at`, `updated_at`) VALUES ('1971-04-16', 'f', 'Oletaport', 94, '1997-08-19 16:04:51', '1973-09-03 20:51:19');
INSERT INTO `profiles` (`birthdate`, `sex`, `hometown`, `photo_id`, `created_at`, `updated_at`) VALUES ('1982-01-26', 'm', 'Maiaville', 20, '1985-03-09 16:03:31', '1982-12-06 11:30:14');
INSERT INTO `profiles` (`birthdate`, `sex`, `hometown`, `photo_id`, `created_at`, `updated_at`) VALUES ('1973-03-06', 'f', 'Layneland', 74, '1992-09-03 00:27:09', '2011-04-05 01:19:30');
INSERT INTO `profiles` (`birthdate`, `sex`, `hometown`, `photo_id`, `created_at`, `updated_at`) VALUES ('1987-09-19', 'f', 'Kadenside', 50, '2017-08-09 14:13:03', '1983-06-28 07:39:33');
INSERT INTO `profiles` (`birthdate`, `sex`, `hometown`, `photo_id`, `created_at`, `updated_at`) VALUES ('1981-10-12', 'm', 'Lefflerview', 60, '2000-06-09 15:36:46', '1973-01-23 01:47:31');
INSERT INTO `profiles` (`birthdate`, `sex`, `hometown`, `photo_id`, `created_at`, `updated_at`) VALUES ('1995-07-11', 'f', 'North Sunny', 26, '1996-12-19 16:49:08', '1993-06-11 02:19:06');
INSERT INTO `profiles` (`birthdate`, `sex`, `hometown`, `photo_id`, `created_at`, `updated_at`) VALUES ('1985-02-28', 'm', 'Mosesmouth', 61, '1997-12-16 07:53:20', '1975-08-20 12:13:35');
INSERT INTO `profiles` (`birthdate`, `sex`, `hometown`, `photo_id`, `created_at`, `updated_at`) VALUES ('2003-03-25', 'f', 'East Ubaldofort', 91, '1972-03-18 11:15:46', '1976-01-17 04:40:09');
INSERT INTO `profiles` (`birthdate`, `sex`, `hometown`, `photo_id`, `created_at`, `updated_at`) VALUES ('1975-01-29', 'm', 'South Adelia', 85, '2013-02-11 16:11:47', '1972-09-16 03:49:42');
INSERT INTO `profiles` (`birthdate`, `sex`, `hometown`, `photo_id`, `created_at`, `updated_at`) VALUES ('1988-03-25', 'm', 'Gerholdmouth', 35, '1995-03-13 12:44:46', '1997-10-29 11:48:25');
INSERT INTO `profiles` (`birthdate`, `sex`, `hometown`, `photo_id`, `created_at`, `updated_at`) VALUES ('1985-01-17', 'm', 'Ladariusview', 18, '1983-08-07 21:04:29', '2004-10-25 08:47:21');
INSERT INTO `profiles` (`birthdate`, `sex`, `hometown`, `photo_id`, `created_at`, `updated_at`) VALUES ('1974-08-20', 'f', 'Elifort', 78, '1986-09-28 10:31:51', '1981-09-12 22:15:39');
INSERT INTO `profiles` (`birthdate`, `sex`, `hometown`, `photo_id`, `created_at`, `updated_at`) VALUES ('1974-09-23', 'm', 'Lake Hope', 70, '1994-10-04 07:43:31', '1993-04-01 13:03:05');
INSERT INTO `profiles` (`birthdate`, `sex`, `hometown`, `photo_id`, `created_at`, `updated_at`) VALUES ('1970-06-10', 'f', 'Karleetown', 42, '2015-06-18 07:51:45', '2012-05-24 21:01:25');
INSERT INTO `profiles` (`birthdate`, `sex`, `hometown`, `photo_id`, `created_at`, `updated_at`) VALUES ('2008-11-06', 'f', 'South Meagan', 52, '1978-04-05 14:53:14', '1986-03-16 22:10:58');
INSERT INTO `profiles` (`birthdate`, `sex`, `hometown`, `photo_id`, `created_at`, `updated_at`) VALUES ('2003-04-10', 'm', 'West Dalton', 30, '1994-12-15 17:38:05', '1981-12-25 12:50:28');
INSERT INTO `profiles` (`birthdate`, `sex`, `hometown`, `photo_id`, `created_at`, `updated_at`) VALUES ('2010-02-19', 'm', 'Haleytown', 90, '1979-04-27 01:53:18', '1971-10-04 19:32:15');
INSERT INTO `profiles` (`birthdate`, `sex`, `hometown`, `photo_id`, `created_at`, `updated_at`) VALUES ('2015-11-04', 'm', 'Gailville', 77, '1988-04-04 01:51:54', '1987-05-20 00:15:06');
INSERT INTO `profiles` (`birthdate`, `sex`, `hometown`, `photo_id`, `created_at`, `updated_at`) VALUES ('2011-04-20', 'f', 'New Haydenmouth', 56, '1973-08-17 20:54:42', '2002-08-25 21:38:40');
INSERT INTO `profiles` (`birthdate`, `sex`, `hometown`, `photo_id`, `created_at`, `updated_at`) VALUES ('2014-11-19', 'm', 'Blickside', 66, '2008-02-24 12:36:17', '2018-06-19 05:00:29');
INSERT INTO `profiles` (`birthdate`, `sex`, `hometown`, `photo_id`, `created_at`, `updated_at`) VALUES ('2014-05-07', 'm', 'Amiyaberg', 44, '1994-03-17 12:14:17', '1973-08-22 07:05:31');
INSERT INTO `profiles` (`birthdate`, `sex`, `hometown`, `photo_id`, `created_at`, `updated_at`) VALUES ('2016-09-04', 'm', 'New Alainamouth', 58, '1976-01-20 17:44:13', '2002-01-14 02:41:27');
INSERT INTO `profiles` (`birthdate`, `sex`, `hometown`, `photo_id`, `created_at`, `updated_at`) VALUES ('1983-02-01', 'f', 'Gloriaborough', 55, '1991-05-16 12:17:15', '1986-11-12 13:28:25');
INSERT INTO `profiles` (`birthdate`, `sex`, `hometown`, `photo_id`, `created_at`, `updated_at`) VALUES ('1973-05-17', 'm', 'Oswaldfort', 92, '1976-06-28 17:02:05', '2009-11-19 13:04:36');
INSERT INTO `profiles` (`birthdate`, `sex`, `hometown`, `photo_id`, `created_at`, `updated_at`) VALUES ('1996-04-09', 'm', 'South Tremaineberg', 33, '1992-05-11 21:19:47', '1970-12-12 23:53:09');
INSERT INTO `profiles` (`birthdate`, `sex`, `hometown`, `photo_id`, `created_at`, `updated_at`) VALUES ('1979-08-14', 'f', 'West Cathrine', 27, '1976-05-26 10:20:53', '1971-07-05 17:51:33');
INSERT INTO `profiles` (`birthdate`, `sex`, `hometown`, `photo_id`, `created_at`, `updated_at`) VALUES ('2012-11-11', 'm', 'Bergstromside', 24, '1982-07-21 18:29:57', '2012-12-27 02:56:22');
INSERT INTO `profiles` (`birthdate`, `sex`, `hometown`, `photo_id`, `created_at`, `updated_at`) VALUES ('2005-04-14', 'm', 'Toniborough', 4, '1993-01-13 04:53:24', '1984-03-04 10:30:18');
INSERT INTO `profiles` (`birthdate`, `sex`, `hometown`, `photo_id`, `created_at`, `updated_at`) VALUES ('2012-06-07', 'm', 'New Winonaland', 76, '1974-11-09 12:32:14', '1995-03-13 12:49:48');
INSERT INTO `profiles` (`birthdate`, `sex`, `hometown`, `photo_id`, `created_at`, `updated_at`) VALUES ('2007-05-31', 'f', 'Rempelton', 84, '1971-01-21 06:41:33', '1998-06-26 23:06:17');
INSERT INTO `profiles` (`birthdate`, `sex`, `hometown`, `photo_id`, `created_at`, `updated_at`) VALUES ('2010-01-08', 'm', 'North Curtis', 15, '1971-07-29 11:33:11', '2000-04-02 08:33:34');
INSERT INTO `profiles` (`birthdate`, `sex`, `hometown`, `photo_id`, `created_at`, `updated_at`) VALUES ('1984-07-02', 'f', 'South Lelia', 83, '2000-01-04 18:06:35', '2008-05-26 17:55:12');
INSERT INTO `profiles` (`birthdate`, `sex`, `hometown`, `photo_id`, `created_at`, `updated_at`) VALUES ('2017-07-23', 'f', 'Eliezerburgh', 29, '1985-03-02 02:40:55', '1977-02-01 10:50:55');
INSERT INTO `profiles` (`birthdate`, `sex`, `hometown`, `photo_id`, `created_at`, `updated_at`) VALUES ('2012-05-10', 'f', 'West Valentineville', 8, '2002-07-09 15:22:14', '2013-01-09 11:24:54');
INSERT INTO `profiles` (`birthdate`, `sex`, `hometown`, `photo_id`, `created_at`, `updated_at`) VALUES ('1976-10-30', 'f', 'Lake Jodieland', 31, '2014-02-15 01:52:27', '1974-01-02 14:34:08');
INSERT INTO `profiles` (`birthdate`, `sex`, `hometown`, `photo_id`, `created_at`, `updated_at`) VALUES ('2012-07-21', 'f', 'Stammville', 54, '1988-03-14 16:35:41', '2000-08-29 05:58:14');
INSERT INTO `profiles` (`birthdate`, `sex`, `hometown`, `photo_id`, `created_at`, `updated_at`) VALUES ('1997-12-18', 'f', 'Paucekchester', 36, '1976-06-03 06:06:35', '2002-05-02 08:54:16');
INSERT INTO `profiles` (`birthdate`, `sex`, `hometown`, `photo_id`, `created_at`, `updated_at`) VALUES ('2016-11-09', 'f', 'New Alessandra', 69, '1970-04-25 08:09:37', '1972-12-11 09:09:50');
INSERT INTO `profiles` (`birthdate`, `sex`, `hometown`, `photo_id`, `created_at`, `updated_at`) VALUES ('1983-05-04', 'm', 'East Kevon', 3, '2007-10-26 08:38:01', '1983-07-28 15:58:06');
INSERT INTO `profiles` (`birthdate`, `sex`, `hometown`, `photo_id`, `created_at`, `updated_at`) VALUES ('1981-06-20', 'f', 'Port Cory', 82, '1975-04-01 20:20:20', '1972-02-29 03:36:15');
INSERT INTO `profiles` (`birthdate`, `sex`, `hometown`, `photo_id`, `created_at`, `updated_at`) VALUES ('2006-06-28', 'f', 'Shieldsberg', 34, '2003-12-12 07:40:28', '2012-03-25 16:24:24');
INSERT INTO `profiles` (`birthdate`, `sex`, `hometown`, `photo_id`, `created_at`, `updated_at`) VALUES ('1996-09-01', 'f', 'North Karleetown', 2, '2015-04-22 22:23:58', '1991-02-05 03:28:22');
INSERT INTO `profiles` (`birthdate`, `sex`, `hometown`, `photo_id`, `created_at`, `updated_at`) VALUES ('2007-12-01', 'm', 'East Agustin', 79, '2006-11-25 04:14:48', '1990-04-15 07:54:19');
INSERT INTO `profiles` (`birthdate`, `sex`, `hometown`, `photo_id`, `created_at`, `updated_at`) VALUES ('1979-07-04', 'm', 'Bahringerburgh', 12, '2015-04-06 15:38:41', '1993-08-29 22:57:56');
INSERT INTO `profiles` (`birthdate`, `sex`, `hometown`, `photo_id`, `created_at`, `updated_at`) VALUES ('2011-11-26', 'f', 'New Kendall', 68, '1994-05-06 08:12:09', '2009-05-16 10:55:01');
INSERT INTO `profiles` (`birthdate`, `sex`, `hometown`, `photo_id`, `created_at`, `updated_at`) VALUES ('2010-05-04', 'f', 'North Bulah', 13, '2008-05-17 00:47:00', '2004-05-02 16:06:52');
INSERT INTO `profiles` (`birthdate`, `sex`, `hometown`, `photo_id`, `created_at`, `updated_at`) VALUES ('1991-01-21', 'm', 'Ottilieberg', 40, '1989-03-03 17:04:42', '2016-05-19 00:44:37');
INSERT INTO `profiles` (`birthdate`, `sex`, `hometown`, `photo_id`, `created_at`, `updated_at`) VALUES ('2014-03-16', 'm', 'East Derick', 96, '1975-08-06 17:07:21', '1998-02-08 18:02:29');
INSERT INTO `profiles` (`birthdate`, `sex`, `hometown`, `photo_id`, `created_at`, `updated_at`) VALUES ('2011-04-08', 'f', 'Lillianaview', 59, '1994-01-29 16:09:46', '2006-05-25 07:17:16');
INSERT INTO `profiles` (`birthdate`, `sex`, `hometown`, `photo_id`, `created_at`, `updated_at`) VALUES ('1972-03-31', 'm', 'Grahamhaven', 51, '1979-11-06 17:40:28', '2010-08-20 15:16:16');
INSERT INTO `profiles` (`birthdate`, `sex`, `hometown`, `photo_id`, `created_at`, `updated_at`) VALUES ('2007-12-02', 'm', 'Lake Daneport', 23, '1986-03-24 19:16:26', '1988-07-27 13:10:04');
INSERT INTO `profiles` (`birthdate`, `sex`, `hometown`, `photo_id`, `created_at`, `updated_at`) VALUES ('1980-01-19', 'f', 'Bergeton', 80, '1986-02-14 10:13:22', '1985-01-19 00:36:35');
INSERT INTO `profiles` (`birthdate`, `sex`, `hometown`, `photo_id`, `created_at`, `updated_at`) VALUES ('1979-08-24', 'f', 'North Selmerburgh', 64, '1973-06-21 03:28:38', '1979-01-05 18:25:25');
INSERT INTO `profiles` (`birthdate`, `sex`, `hometown`, `photo_id`, `created_at`, `updated_at`) VALUES ('2004-06-29', 'f', 'Schaeferburgh', 87, '1993-08-13 00:24:40', '1990-05-18 02:06:35');
INSERT INTO `profiles` (`birthdate`, `sex`, `hometown`, `photo_id`, `created_at`, `updated_at`) VALUES ('2015-06-10', 'm', 'Watsonside', 38, '1974-02-23 07:16:37', '2005-10-21 20:16:16');
INSERT INTO `profiles` (`birthdate`, `sex`, `hometown`, `photo_id`, `created_at`, `updated_at`) VALUES ('1994-02-13', 'm', 'Feliciachester', 86, '1982-09-03 18:56:21', '2016-07-15 05:32:26');
INSERT INTO `profiles` (`birthdate`, `sex`, `hometown`, `photo_id`, `created_at`, `updated_at`) VALUES ('1974-07-08', 'm', 'Rippinborough', 62, '2011-04-15 16:41:12', '1976-09-26 12:04:19');
INSERT INTO `profiles` (`birthdate`, `sex`, `hometown`, `photo_id`, `created_at`, `updated_at`) VALUES ('2012-09-25', 'f', 'Daytontown', 81, '2006-01-10 01:45:11', '2011-12-21 07:01:58');
INSERT INTO `profiles` (`birthdate`, `sex`, `hometown`, `photo_id`, `created_at`, `updated_at`) VALUES ('1993-01-21', 'f', 'O\'Connerfort', 67, '2013-08-26 07:03:16', '1985-04-30 17:41:42');
INSERT INTO `profiles` (`birthdate`, `sex`, `hometown`, `photo_id`, `created_at`, `updated_at`) VALUES ('2014-09-01', 'f', 'Skilesbury', 46, '2003-06-09 06:24:52', '2001-07-17 03:11:05');
INSERT INTO `profiles` (`birthdate`, `sex`, `hometown`, `photo_id`, `created_at`, `updated_at`) VALUES ('1974-03-10', 'f', 'West Pinkfort', 99, '1987-11-05 17:51:02', '1982-07-25 18:58:34');


#
# TABLE STRUCTURE FOR: users
#

DROP TABLE IF EXISTS `users`;

CREATE TABLE `users` (
  `id` int(10) unsigned NOT NULL AUTO_INCREMENT,
  `first_name` varchar(100) COLLATE utf8_unicode_ci NOT NULL,
  `last_name` varchar(100) COLLATE utf8_unicode_ci NOT NULL,
  `email` varchar(120) COLLATE utf8_unicode_ci NOT NULL,
  `phone` varchar(15) COLLATE utf8_unicode_ci NOT NULL,
  `password` varchar(15) COLLATE utf8_unicode_ci DEFAULT NULL,
  `created_at` datetime DEFAULT current_timestamp(),
  `updated_at` datetime DEFAULT current_timestamp() ON UPDATE current_timestamp(),
  PRIMARY KEY (`id`),
  UNIQUE KEY `email` (`email`),
  UNIQUE KEY `phone` (`phone`)
) ENGINE=InnoDB AUTO_INCREMENT=101 DEFAULT CHARSET=utf8 COLLATE=utf8_unicode_ci;

INSERT INTO `users` (`id`, `first_name`, `last_name`, `email`, `phone`, `password`, `created_at`, `updated_at`) VALUES (1, 'Dee', 'Waters', 'sdouglas@example.org', '04413672954', '80b2274c2c94cad', '1971-09-23 01:51:45', '1983-03-21 03:01:45');
INSERT INTO `users` (`id`, `first_name`, `last_name`, `email`, `phone`, `password`, `created_at`, `updated_at`) VALUES (2, 'Ethyl', 'Will', 'rosario80@example.com', '733.509.6198x68', 'b39438db1b1a375', '1997-10-17 13:22:51', '2008-10-11 09:58:30');
INSERT INTO `users` (`id`, `first_name`, `last_name`, `email`, `phone`, `password`, `created_at`, `updated_at`) VALUES (3, 'Caterina', 'Keeling', 'sylvan85@example.com', '177.157.9626x12', '5e8138b8c992e1d', '1980-12-21 23:18:45', '1998-03-04 17:33:31');
INSERT INTO `users` (`id`, `first_name`, `last_name`, `email`, `phone`, `password`, `created_at`, `updated_at`) VALUES (4, 'Bryce', 'Ryan', 'naomi63@example.org', '852-613-5067x33', '08d4099b75a060d', '1983-06-24 09:32:47', '1973-12-07 12:19:42');
INSERT INTO `users` (`id`, `first_name`, `last_name`, `email`, `phone`, `password`, `created_at`, `updated_at`) VALUES (5, 'Angie', 'Grimes', 'ortiz.lukas@example.net', '1-337-618-5272x', 'ec4889841ba51c2', '2009-08-29 02:26:06', '1996-01-27 09:46:43');
INSERT INTO `users` (`id`, `first_name`, `last_name`, `email`, `phone`, `password`, `created_at`, `updated_at`) VALUES (6, 'Sammy', 'Baumbach', 'bernier.amaya@example.net', '825.193.5160x51', '9592a2074ab70c5', '2012-06-28 23:00:58', '1996-01-19 18:12:17');
INSERT INTO `users` (`id`, `first_name`, `last_name`, `email`, `phone`, `password`, `created_at`, `updated_at`) VALUES (7, 'Hildegard', 'Farrell', 'immanuel.erdman@example.com', '1-229-998-3093', 'a52f9f4079343d7', '1970-04-20 04:02:26', '2008-06-16 20:21:36');
INSERT INTO `users` (`id`, `first_name`, `last_name`, `email`, `phone`, `password`, `created_at`, `updated_at`) VALUES (8, 'Mac', 'Ondricka', 'mable73@example.net', '00022554696', '97a92fdce3eafd3', '2003-05-30 08:02:27', '2007-02-24 13:33:44');
INSERT INTO `users` (`id`, `first_name`, `last_name`, `email`, `phone`, `password`, `created_at`, `updated_at`) VALUES (9, 'Jeffry', 'Kertzmann', 'blakin@example.org', '(757)940-1413x8', 'ba3aba75e108825', '2002-04-09 14:59:38', '1993-06-13 01:53:08');
INSERT INTO `users` (`id`, `first_name`, `last_name`, `email`, `phone`, `password`, `created_at`, `updated_at`) VALUES (10, 'Carolina', 'Mertz', 'tyshawn77@example.com', '1-324-939-2621x', '2c3b0107f49f89c', '1972-08-06 21:23:51', '1994-09-14 11:02:32');
INSERT INTO `users` (`id`, `first_name`, `last_name`, `email`, `phone`, `password`, `created_at`, `updated_at`) VALUES (11, 'Devante', 'King', 'bogan.ignatius@example.com', '1-618-979-7239x', 'c50957a044caa63', '2013-05-03 13:57:23', '2010-06-06 03:11:50');
INSERT INTO `users` (`id`, `first_name`, `last_name`, `email`, `phone`, `password`, `created_at`, `updated_at`) VALUES (12, 'Fredy', 'Pouros', 'ulices72@example.com', '114.329.8389x44', '25d627219c2ca5c', '1987-07-02 15:11:50', '1972-10-05 15:05:02');
INSERT INTO `users` (`id`, `first_name`, `last_name`, `email`, `phone`, `password`, `created_at`, `updated_at`) VALUES (13, 'Gerard', 'Dare', 'eveum@example.org', '(381)925-8116x0', '3db755410b43695', '2017-06-21 20:24:24', '2016-04-20 16:06:26');
INSERT INTO `users` (`id`, `first_name`, `last_name`, `email`, `phone`, `password`, `created_at`, `updated_at`) VALUES (14, 'Tyrell', 'Wuckert', 'ronny.kiehn@example.org', '1-039-216-6598x', 'a350dea4b901cf9', '2008-01-28 14:44:53', '2005-02-06 13:39:36');
INSERT INTO `users` (`id`, `first_name`, `last_name`, `email`, `phone`, `password`, `created_at`, `updated_at`) VALUES (15, 'Ruth', 'Kuhic', 'iwintheiser@example.org', '1-064-058-8847', '4d923ce312dc2c3', '1981-05-30 23:31:37', '1974-10-28 09:53:19');
INSERT INTO `users` (`id`, `first_name`, `last_name`, `email`, `phone`, `password`, `created_at`, `updated_at`) VALUES (16, 'Jayme', 'Thiel', 'raegan03@example.com', '03712798377', 'fe8eb5e2c91d251', '1976-07-25 02:09:53', '2006-04-27 21:43:11');
INSERT INTO `users` (`id`, `first_name`, `last_name`, `email`, `phone`, `password`, `created_at`, `updated_at`) VALUES (17, 'Destinee', 'Veum', 'rhett57@example.net', '252-434-1189', '9f2c82a28e319fc', '2002-08-15 06:06:07', '1975-06-10 12:52:10');
INSERT INTO `users` (`id`, `first_name`, `last_name`, `email`, `phone`, `password`, `created_at`, `updated_at`) VALUES (18, 'Gussie', 'Halvorson', 'ruecker.emie@example.org', '(667)789-2885x6', 'b0f0fa45f168b53', '1970-07-20 20:17:33', '1972-09-16 23:04:48');
INSERT INTO `users` (`id`, `first_name`, `last_name`, `email`, `phone`, `password`, `created_at`, `updated_at`) VALUES (19, 'Skyla', 'Swift', 'alverta.rowe@example.com', '1-955-080-3880x', 'dc35b37047132c9', '1996-09-27 16:36:26', '1970-07-23 15:39:40');
INSERT INTO `users` (`id`, `first_name`, `last_name`, `email`, `phone`, `password`, `created_at`, `updated_at`) VALUES (20, 'Gladyce', 'Kuvalis', 'lawrence21@example.com', '02991193021', '2efe9b0b675eb87', '1982-08-31 14:40:55', '1976-05-19 18:02:46');
INSERT INTO `users` (`id`, `first_name`, `last_name`, `email`, `phone`, `password`, `created_at`, `updated_at`) VALUES (21, 'Sister', 'Stiedemann', 'wvolkman@example.com', '+99(6)184613355', 'cf0222f01a764bd', '2012-07-23 05:15:57', '1971-11-23 01:54:40');
INSERT INTO `users` (`id`, `first_name`, `last_name`, `email`, `phone`, `password`, `created_at`, `updated_at`) VALUES (22, 'Robbie', 'Schuster', 'rherzog@example.com', '1-861-497-3787x', 'e7ebfb91625c7fa', '2009-08-03 12:33:02', '2000-03-21 06:08:33');
INSERT INTO `users` (`id`, `first_name`, `last_name`, `email`, `phone`, `password`, `created_at`, `updated_at`) VALUES (23, 'Emmitt', 'Eichmann', 'lila.reichel@example.org', '(111)187-0228x3', '418c9c1c373db26', '1993-01-01 07:11:38', '1997-12-04 14:22:24');
INSERT INTO `users` (`id`, `first_name`, `last_name`, `email`, `phone`, `password`, `created_at`, `updated_at`) VALUES (24, 'Dax', 'Heaney', 'juanita21@example.net', '(531)585-8579x5', 'bf4218278984dde', '2019-04-10 20:51:18', '2002-12-27 13:16:46');
INSERT INTO `users` (`id`, `first_name`, `last_name`, `email`, `phone`, `password`, `created_at`, `updated_at`) VALUES (25, 'Lempi', 'Greenfelder', 'lemke.kattie@example.net', '1-774-980-9514', '48b2077a70fc40f', '1983-06-22 03:32:04', '1998-01-24 19:15:58');
INSERT INTO `users` (`id`, `first_name`, `last_name`, `email`, `phone`, `password`, `created_at`, `updated_at`) VALUES (26, 'Jennie', 'Miller', 'shyanne71@example.net', '393-602-7583x08', '5816ee088ce58b3', '2011-06-10 22:58:49', '1981-03-08 01:07:44');
INSERT INTO `users` (`id`, `first_name`, `last_name`, `email`, `phone`, `password`, `created_at`, `updated_at`) VALUES (27, 'Kathlyn', 'Berge', 'kiel91@example.com', '565-944-2428', 'dddfcb8240c426d', '1971-07-22 06:35:20', '1988-10-29 15:38:51');
INSERT INTO `users` (`id`, `first_name`, `last_name`, `email`, `phone`, `password`, `created_at`, `updated_at`) VALUES (28, 'Cora', 'Rogahn', 'dlind@example.org', '1-009-051-4346x', '70638b54b295ec5', '2008-06-19 23:36:25', '2014-12-01 17:35:25');
INSERT INTO `users` (`id`, `first_name`, `last_name`, `email`, `phone`, `password`, `created_at`, `updated_at`) VALUES (29, 'Rubye', 'Keebler', 'heaney.kyleigh@example.net', '875.230.1007', 'fa090344d4084ed', '1976-05-06 04:50:39', '2018-03-11 19:00:55');
INSERT INTO `users` (`id`, `first_name`, `last_name`, `email`, `phone`, `password`, `created_at`, `updated_at`) VALUES (30, 'Carmel', 'Pollich', 'wbosco@example.com', '1-050-618-1287', 'd544a8456d66bf0', '2006-04-06 16:25:47', '2017-11-03 01:15:50');
INSERT INTO `users` (`id`, `first_name`, `last_name`, `email`, `phone`, `password`, `created_at`, `updated_at`) VALUES (31, 'Gino', 'Lubowitz', 'julie.kovacek@example.org', '733.485.0247x42', '3255112cb031e77', '2009-03-24 10:26:41', '1974-04-18 13:52:59');
INSERT INTO `users` (`id`, `first_name`, `last_name`, `email`, `phone`, `password`, `created_at`, `updated_at`) VALUES (32, 'Silas', 'Koelpin', 'grimes.anissa@example.com', '662-027-6049x51', 'cb9ee94c47772d3', '1999-03-06 12:23:29', '1980-09-22 09:23:36');
INSERT INTO `users` (`id`, `first_name`, `last_name`, `email`, `phone`, `password`, `created_at`, `updated_at`) VALUES (33, 'Joaquin', 'Kunze', 'eliane14@example.net', '336-032-0711x22', '732b6604e889e65', '2004-12-25 11:10:34', '1981-08-06 17:57:52');
INSERT INTO `users` (`id`, `first_name`, `last_name`, `email`, `phone`, `password`, `created_at`, `updated_at`) VALUES (34, 'Sydney', 'Jakubowski', 'farrell.peggie@example.com', '533.268.5964x76', 'b145be1898da2b3', '1997-05-17 10:39:05', '2004-03-03 03:56:58');
INSERT INTO `users` (`id`, `first_name`, `last_name`, `email`, `phone`, `password`, `created_at`, `updated_at`) VALUES (35, 'Ciara', 'Kertzmann', 'ddibbert@example.com', '900.505.7974x77', '3a54547b8632d82', '1986-08-03 13:12:05', '2015-08-10 02:45:39');
INSERT INTO `users` (`id`, `first_name`, `last_name`, `email`, `phone`, `password`, `created_at`, `updated_at`) VALUES (36, 'Rudolph', 'Torphy', 'ladarius72@example.net', '1-774-068-3150', 'd679b6169c7cc50', '1976-09-27 11:16:50', '1994-03-05 19:06:48');
INSERT INTO `users` (`id`, `first_name`, `last_name`, `email`, `phone`, `password`, `created_at`, `updated_at`) VALUES (37, 'Addie', 'Turcotte', 'bauch.madie@example.net', '878-819-2455', 'dcfdfa97fec0a63', '2015-02-25 08:51:44', '2000-05-19 15:31:25');
INSERT INTO `users` (`id`, `first_name`, `last_name`, `email`, `phone`, `password`, `created_at`, `updated_at`) VALUES (38, 'Jeanette', 'Crooks', 'helen.gutmann@example.org', '1-781-502-7963', '2f0235eded9c5ce', '1971-02-24 04:19:40', '2015-07-23 22:18:24');
INSERT INTO `users` (`id`, `first_name`, `last_name`, `email`, `phone`, `password`, `created_at`, `updated_at`) VALUES (39, 'Rodolfo', 'Howe', 'verla56@example.org', '635-319-0480x29', '897c04f5ec36c52', '1994-02-21 01:11:25', '1971-07-04 22:35:08');
INSERT INTO `users` (`id`, `first_name`, `last_name`, `email`, `phone`, `password`, `created_at`, `updated_at`) VALUES (40, 'Elisha', 'Metz', 'mccullough.lorena@example.net', '1-804-090-3525x', 'ccce8db9ca24f2e', '1976-10-25 05:51:23', '1970-03-10 19:05:24');
INSERT INTO `users` (`id`, `first_name`, `last_name`, `email`, `phone`, `password`, `created_at`, `updated_at`) VALUES (41, 'Kamryn', 'Hilll', 'jalen.denesik@example.com', '745-482-7513x57', 'b8d3aa6cbeb2e02', '2011-12-02 10:34:12', '2006-11-28 05:47:39');
INSERT INTO `users` (`id`, `first_name`, `last_name`, `email`, `phone`, `password`, `created_at`, `updated_at`) VALUES (42, 'Ivah', 'Altenwerth', 'isobel80@example.net', '+35(8)964153536', '35eddc4214e6c14', '2016-08-27 19:18:15', '1984-10-03 20:15:15');
INSERT INTO `users` (`id`, `first_name`, `last_name`, `email`, `phone`, `password`, `created_at`, `updated_at`) VALUES (43, 'Dayton', 'Herman', 'iferry@example.net', '+02(9)317276635', '3effb21fbcf645e', '1988-05-29 20:16:08', '2012-09-03 01:45:31');
INSERT INTO `users` (`id`, `first_name`, `last_name`, `email`, `phone`, `password`, `created_at`, `updated_at`) VALUES (44, 'Gabriella', 'Brakus', 'howell.luz@example.net', '1-798-371-3784x', '05935c3f5acea4c', '1986-03-30 23:17:36', '1994-10-21 22:09:53');
INSERT INTO `users` (`id`, `first_name`, `last_name`, `email`, `phone`, `password`, `created_at`, `updated_at`) VALUES (45, 'Brice', 'Gottlieb', 'bernard.hilll@example.net', '02159749471', 'fb0673834009125', '2018-03-27 08:37:52', '1998-07-18 10:43:43');
INSERT INTO `users` (`id`, `first_name`, `last_name`, `email`, `phone`, `password`, `created_at`, `updated_at`) VALUES (46, 'Yolanda', 'Williamson', 'tdickens@example.org', '+96(2)701175404', '51add654fad7f4a', '1988-11-29 07:16:04', '2017-08-02 13:56:26');
INSERT INTO `users` (`id`, `first_name`, `last_name`, `email`, `phone`, `password`, `created_at`, `updated_at`) VALUES (47, 'Reynold', 'Gottlieb', 'caleigh88@example.com', '334-264-4835', '127ea111140231c', '1970-12-14 09:35:15', '2012-06-06 20:06:41');
INSERT INTO `users` (`id`, `first_name`, `last_name`, `email`, `phone`, `password`, `created_at`, `updated_at`) VALUES (48, 'Mia', 'Glover', 'o\'keefe.constance@example.com', '1-267-034-3367x', '6853ae824fa78a0', '2009-03-05 07:54:28', '2013-12-30 06:08:57');
INSERT INTO `users` (`id`, `first_name`, `last_name`, `email`, `phone`, `password`, `created_at`, `updated_at`) VALUES (49, 'Marguerite', 'Osinski', 'addie89@example.org', '(067)960-1034x9', '560b0a49e8f249d', '2008-05-16 08:45:17', '1997-08-29 09:43:56');
INSERT INTO `users` (`id`, `first_name`, `last_name`, `email`, `phone`, `password`, `created_at`, `updated_at`) VALUES (50, 'Jermey', 'Pfeffer', 'kimberly32@example.com', '272-368-7877', '99994f831f4243e', '1975-04-14 19:49:50', '2003-09-04 14:53:48');
INSERT INTO `users` (`id`, `first_name`, `last_name`, `email`, `phone`, `password`, `created_at`, `updated_at`) VALUES (51, 'Shanny', 'Jerde', 'adriel.bailey@example.org', '(502)208-1120', '0f8b615fc39be21', '1980-03-11 14:35:35', '1980-11-19 14:33:43');
INSERT INTO `users` (`id`, `first_name`, `last_name`, `email`, `phone`, `password`, `created_at`, `updated_at`) VALUES (52, 'Margaretta', 'Moore', 'evans98@example.net', '09432329211', 'af1b9ad02286329', '1979-11-20 22:26:33', '1978-08-07 12:26:11');
INSERT INTO `users` (`id`, `first_name`, `last_name`, `email`, `phone`, `password`, `created_at`, `updated_at`) VALUES (53, 'June', 'Ernser', 'avis.schulist@example.com', '958.774.3390', 'eee6db17102ff71', '2002-09-13 20:53:08', '1972-11-24 10:43:34');
INSERT INTO `users` (`id`, `first_name`, `last_name`, `email`, `phone`, `password`, `created_at`, `updated_at`) VALUES (54, 'King', 'Strosin', 'dgulgowski@example.org', '356-019-1077x72', '8ec9d0d2999275c', '2009-11-04 16:13:01', '1991-10-27 00:39:10');
INSERT INTO `users` (`id`, `first_name`, `last_name`, `email`, `phone`, `password`, `created_at`, `updated_at`) VALUES (55, 'Bartholome', 'Gibson', 'ara.hane@example.org', '(147)493-4759x1', '64892031e08f777', '2019-03-02 17:17:31', '1976-03-02 00:59:12');
INSERT INTO `users` (`id`, `first_name`, `last_name`, `email`, `phone`, `password`, `created_at`, `updated_at`) VALUES (56, 'Dereck', 'Kihn', 'nienow.jeremy@example.com', '357.377.2070', 'c63829adb91db80', '2002-09-28 17:41:48', '2013-06-05 23:05:07');
INSERT INTO `users` (`id`, `first_name`, `last_name`, `email`, `phone`, `password`, `created_at`, `updated_at`) VALUES (57, 'Clair', 'Kreiger', 'bartoletti.elliot@example.net', '170.193.8642', '0f599380e7ee64c', '1997-01-04 13:27:41', '2016-05-15 21:34:29');
INSERT INTO `users` (`id`, `first_name`, `last_name`, `email`, `phone`, `password`, `created_at`, `updated_at`) VALUES (58, 'Avis', 'Prohaska', 'niko40@example.com', '1-880-200-6712', 'c5b85f294c08dbb', '1978-06-06 15:02:11', '1976-08-06 20:54:33');
INSERT INTO `users` (`id`, `first_name`, `last_name`, `email`, `phone`, `password`, `created_at`, `updated_at`) VALUES (59, 'Ashton', 'Abbott', 'leffler.junior@example.com', '09556705530', 'c2bd36710bbd81f', '2014-08-16 04:47:37', '1989-03-26 10:47:29');
INSERT INTO `users` (`id`, `first_name`, `last_name`, `email`, `phone`, `password`, `created_at`, `updated_at`) VALUES (60, 'Jed', 'Zulauf', 'ojohnston@example.com', '(421)733-0990x5', 'c3d1df8242c44b9', '2002-05-12 00:29:32', '1995-03-20 11:50:29');
INSERT INTO `users` (`id`, `first_name`, `last_name`, `email`, `phone`, `password`, `created_at`, `updated_at`) VALUES (61, 'Kenyatta', 'Walker', 'shea.boyer@example.com', '(791)278-6750', '4f1a679408b06a1', '1996-09-18 05:24:30', '1971-01-27 15:27:36');
INSERT INTO `users` (`id`, `first_name`, `last_name`, `email`, `phone`, `password`, `created_at`, `updated_at`) VALUES (62, 'Paul', 'Tromp', 'mariah.koelpin@example.org', '1-947-380-7052x', 'da50be0e08b63ec', '2007-12-31 20:00:45', '1983-01-18 02:02:22');
INSERT INTO `users` (`id`, `first_name`, `last_name`, `email`, `phone`, `password`, `created_at`, `updated_at`) VALUES (63, 'Lewis', 'Bartell', 'art.schneider@example.org', '(597)803-9615x3', 'acf62a4422b46f4', '2009-08-06 08:14:02', '1971-05-02 22:51:08');
INSERT INTO `users` (`id`, `first_name`, `last_name`, `email`, `phone`, `password`, `created_at`, `updated_at`) VALUES (64, 'Brendon', 'Hammes', 'sandrine76@example.net', '(199)728-3579x3', '0b00986925565a6', '2006-03-04 06:06:04', '1988-11-09 01:57:41');
INSERT INTO `users` (`id`, `first_name`, `last_name`, `email`, `phone`, `password`, `created_at`, `updated_at`) VALUES (65, 'Rachael', 'Johns', 'dario67@example.com', '042-708-5359x69', 'b0f3c4b5e2d1696', '2010-11-29 12:56:24', '1982-08-25 05:28:26');
INSERT INTO `users` (`id`, `first_name`, `last_name`, `email`, `phone`, `password`, `created_at`, `updated_at`) VALUES (66, 'River', 'Thiel', 'nienow.donnell@example.net', '400.514.3490', '7e40bebfd053fcf', '2013-05-20 02:02:03', '1973-05-05 13:38:55');
INSERT INTO `users` (`id`, `first_name`, `last_name`, `email`, `phone`, `password`, `created_at`, `updated_at`) VALUES (67, 'Tyrell', 'Sanford', 'makenna66@example.net', '1-008-673-6063', '94c9c4f41a8468d', '1979-02-22 14:14:21', '1993-08-27 14:09:33');
INSERT INTO `users` (`id`, `first_name`, `last_name`, `email`, `phone`, `password`, `created_at`, `updated_at`) VALUES (68, 'Carrie', 'Larkin', 'cleora.greenfelder@example.net', '1-351-711-2193', '57088c880346c1c', '2005-03-03 20:22:08', '1971-01-09 14:21:22');
INSERT INTO `users` (`id`, `first_name`, `last_name`, `email`, `phone`, `password`, `created_at`, `updated_at`) VALUES (69, 'Genevieve', 'Renner', 'rebecca19@example.org', '+07(9)157998365', 'c063b57e596a23d', '2003-04-01 03:30:41', '1986-09-25 08:52:12');
INSERT INTO `users` (`id`, `first_name`, `last_name`, `email`, `phone`, `password`, `created_at`, `updated_at`) VALUES (70, 'Suzanne', 'Hintz', 'mebert@example.org', '029.049.2156', '8c767e343ca8e0b', '1973-05-11 16:39:53', '2014-02-10 00:28:26');
INSERT INTO `users` (`id`, `first_name`, `last_name`, `email`, `phone`, `password`, `created_at`, `updated_at`) VALUES (71, 'Creola', 'Jakubowski', 'horacio.jones@example.org', '201.090.7842x20', '97064b831a5ca0e', '1980-12-17 05:02:36', '2001-05-11 10:13:53');
INSERT INTO `users` (`id`, `first_name`, `last_name`, `email`, `phone`, `password`, `created_at`, `updated_at`) VALUES (72, 'Mittie', 'Goodwin', 'marlene79@example.com', '09972458049', '65794a9e4ad2077', '2010-08-10 20:32:30', '2017-10-02 23:18:14');
INSERT INTO `users` (`id`, `first_name`, `last_name`, `email`, `phone`, `password`, `created_at`, `updated_at`) VALUES (73, 'Rosella', 'Witting', 'osborne.boehm@example.org', '+41(4)494290775', 'd151284d24277c5', '1981-10-14 21:46:55', '1995-04-17 05:34:34');
INSERT INTO `users` (`id`, `first_name`, `last_name`, `email`, `phone`, `password`, `created_at`, `updated_at`) VALUES (74, 'Rogelio', 'Purdy', 'mosciski.antwon@example.org', '(355)813-2877', 'bc79d62d5ee4ded', '2019-05-22 18:36:20', '2018-06-12 20:25:56');
INSERT INTO `users` (`id`, `first_name`, `last_name`, `email`, `phone`, `password`, `created_at`, `updated_at`) VALUES (75, 'Judge', 'Deckow', 'kschaden@example.com', '(998)528-4423x5', 'a84687b51059cba', '1986-12-21 19:15:47', '1989-05-24 07:31:31');
INSERT INTO `users` (`id`, `first_name`, `last_name`, `email`, `phone`, `password`, `created_at`, `updated_at`) VALUES (76, 'Carmelo', 'Treutel', 'osinski.virginie@example.org', '696-730-8872', 'ac3cf2a190e8538', '1997-08-05 04:06:53', '1988-07-24 15:17:57');
INSERT INTO `users` (`id`, `first_name`, `last_name`, `email`, `phone`, `password`, `created_at`, `updated_at`) VALUES (77, 'Friedrich', 'Towne', 'rosanna91@example.net', '(689)669-2328x9', 'ae3443b8bf89502', '2013-07-05 19:11:35', '2019-08-22 23:07:54');
INSERT INTO `users` (`id`, `first_name`, `last_name`, `email`, `phone`, `password`, `created_at`, `updated_at`) VALUES (78, 'Jordan', 'Johns', 'hwalker@example.org', '626-569-2141x01', '6446a6cb356477e', '1996-12-08 00:24:57', '2010-07-22 06:42:52');
INSERT INTO `users` (`id`, `first_name`, `last_name`, `email`, `phone`, `password`, `created_at`, `updated_at`) VALUES (79, 'Damon', 'Terry', 'feil.armand@example.org', '613.583.6618x09', '531970d9e147512', '1991-05-11 07:05:55', '1973-04-06 18:07:27');
INSERT INTO `users` (`id`, `first_name`, `last_name`, `email`, `phone`, `password`, `created_at`, `updated_at`) VALUES (80, 'Vivien', 'Gorczany', 'emiliano34@example.com', '1-443-640-8760x', '62e1ce5bb99bb00', '2009-01-13 18:59:20', '2003-06-13 09:05:14');
INSERT INTO `users` (`id`, `first_name`, `last_name`, `email`, `phone`, `password`, `created_at`, `updated_at`) VALUES (81, 'Carley', 'Rowe', 'lturner@example.org', '(361)594-7293x0', '2459ed21946991a', '1972-09-26 13:56:21', '1991-07-05 09:01:49');
INSERT INTO `users` (`id`, `first_name`, `last_name`, `email`, `phone`, `password`, `created_at`, `updated_at`) VALUES (82, 'Willis', 'Aufderhar', 'jnitzsche@example.org', '071.145.4885', '1731df47b3184bd', '1997-08-05 00:48:42', '1998-09-15 04:50:51');
INSERT INTO `users` (`id`, `first_name`, `last_name`, `email`, `phone`, `password`, `created_at`, `updated_at`) VALUES (83, 'Sophia', 'Harber', 'uhettinger@example.com', '+59(4)778428673', '33be87ef2e15fb0', '1993-06-10 04:34:55', '1997-12-30 11:41:14');
INSERT INTO `users` (`id`, `first_name`, `last_name`, `email`, `phone`, `password`, `created_at`, `updated_at`) VALUES (84, 'Alta', 'Boehm', 'elisabeth38@example.com', '1-663-456-0093', '19946cb1da621c7', '1986-04-01 20:45:33', '2002-09-10 16:31:18');
INSERT INTO `users` (`id`, `first_name`, `last_name`, `email`, `phone`, `password`, `created_at`, `updated_at`) VALUES (85, 'Adela', 'Moore', 'dominic38@example.com', '(718)990-3247x3', '7f00927ce74d332', '1983-12-14 05:21:56', '1982-07-03 00:09:17');
INSERT INTO `users` (`id`, `first_name`, `last_name`, `email`, `phone`, `password`, `created_at`, `updated_at`) VALUES (86, 'Darlene', 'Bashirian', 'quentin.gibson@example.org', '(968)205-3661x4', '06c635edcf308da', '2010-06-07 09:20:02', '1996-08-15 06:19:32');
INSERT INTO `users` (`id`, `first_name`, `last_name`, `email`, `phone`, `password`, `created_at`, `updated_at`) VALUES (87, 'Carleton', 'Botsford', 'pbreitenberg@example.com', '07138559237', 'b3603e34f683fd0', '2007-01-23 05:24:45', '2001-07-26 02:53:18');
INSERT INTO `users` (`id`, `first_name`, `last_name`, `email`, `phone`, `password`, `created_at`, `updated_at`) VALUES (88, 'Melvina', 'Erdman', 'bferry@example.net', '1-508-463-7610', '60bae6521176bf7', '1991-07-16 12:19:02', '1974-03-22 08:10:34');
INSERT INTO `users` (`id`, `first_name`, `last_name`, `email`, `phone`, `password`, `created_at`, `updated_at`) VALUES (89, 'Minnie', 'Block', 'bernardo47@example.org', '526.783.7966x83', 'bbd0f7a5bc1d2c9', '1985-08-21 22:41:42', '2006-09-09 01:40:59');
INSERT INTO `users` (`id`, `first_name`, `last_name`, `email`, `phone`, `password`, `created_at`, `updated_at`) VALUES (90, 'Deanna', 'Rau', 'pvandervort@example.org', '383.479.1528x14', '9218c1bedfcc22b', '1982-03-09 04:04:02', '2006-07-28 11:31:47');
INSERT INTO `users` (`id`, `first_name`, `last_name`, `email`, `phone`, `password`, `created_at`, `updated_at`) VALUES (91, 'Robert', 'Weimann', 'imurray@example.org', '007.471.9302x96', 'c2468791de79113', '1994-02-24 23:16:06', '1978-10-04 09:14:42');
INSERT INTO `users` (`id`, `first_name`, `last_name`, `email`, `phone`, `password`, `created_at`, `updated_at`) VALUES (92, 'Jordi', 'Luettgen', 'flatley.marianne@example.com', '1-771-566-7054x', 'c6e8373d71c9160', '1971-10-19 05:29:12', '1984-12-23 22:26:52');
INSERT INTO `users` (`id`, `first_name`, `last_name`, `email`, `phone`, `password`, `created_at`, `updated_at`) VALUES (93, 'Herminia', 'Schoen', 'yschuppe@example.net', '1-417-544-2434x', 'b63e4e192d4f238', '1988-06-01 09:45:57', '1972-06-17 10:18:04');
INSERT INTO `users` (`id`, `first_name`, `last_name`, `email`, `phone`, `password`, `created_at`, `updated_at`) VALUES (94, 'Chesley', 'Marks', 'jerrold12@example.org', '1-843-190-5680x', 'da4ae7650a7c725', '2012-11-08 10:34:54', '2001-06-28 08:01:09');
INSERT INTO `users` (`id`, `first_name`, `last_name`, `email`, `phone`, `password`, `created_at`, `updated_at`) VALUES (95, 'Reta', 'Schuppe', 'volkman.abigail@example.net', '(152)337-7040x4', '7f30d04c16b472e', '1990-07-29 10:15:24', '1975-09-27 14:20:22');
INSERT INTO `users` (`id`, `first_name`, `last_name`, `email`, `phone`, `password`, `created_at`, `updated_at`) VALUES (96, 'Dovie', 'Dach', 'cassin.clare@example.com', '1-983-144-6496x', '3799e8e6627bb5c', '1983-03-19 07:00:13', '2010-10-05 20:34:41');
INSERT INTO `users` (`id`, `first_name`, `last_name`, `email`, `phone`, `password`, `created_at`, `updated_at`) VALUES (97, 'Violette', 'Windler', 'romaine58@example.com', '912-714-3974', '04c33389dbd3f11', '1979-08-07 03:09:02', '1988-10-21 21:09:43');
INSERT INTO `users` (`id`, `first_name`, `last_name`, `email`, `phone`, `password`, `created_at`, `updated_at`) VALUES (98, 'Ricky', 'Botsford', 'wunsch.demario@example.com', '1-288-758-9805x', '0f85b766aad4e8a', '2002-05-08 15:15:23', '2003-07-28 13:49:31');
INSERT INTO `users` (`id`, `first_name`, `last_name`, `email`, `phone`, `password`, `created_at`, `updated_at`) VALUES (99, 'Clyde', 'Beer', 'justina87@example.com', '(047)381-3969', '9744edadf048483', '1987-09-21 02:57:23', '1998-03-03 11:25:52');
INSERT INTO `users` (`id`, `first_name`, `last_name`, `email`, `phone`, `password`, `created_at`, `updated_at`) VALUES (100, 'Dixie', 'Sawayn', 'reilly.afton@example.org', '01547822052', '0d384a756b4ae7e', '2016-08-26 23:47:47', '2001-12-15 23:20:46');


